Workbook

Sheet Start Here
A1: Meal Prep System
A2: Two lunches + two dinners a week. Options mix new AI-suggested recipes with favourites from your own recipe bank.
A4: THE WEEKLY LOOP
A5: 1. Sunday — the pitch. Two or three options per slot (Lunch 1, Lunch 2, Dinner 1, Dinner 2): new AI picks plus recipe-bank favourites. New recipes go on Recipes; each option gets a row on Weekly Log with picked = No.
A6: 2. You both reply with a pick for each slot. Flip those rows to picked = Yes.
A7: 3. Make sure each picked recipe's ingredients are on the Ingredients tab. The Grocery List tab then builds itself: duplicates added up, sorted by aisle, pantry staples last.
A8: 4. Following Sunday — the debrief. Fill rating_lily / rating_andrei (1–5) and verdict (Again / Tweak / Never) for last week's picks. For Tweak, write what should change in the tweak column; it then shows as latest_tweak on Recipes so the next pitch includes it.
A10: WHAT EACH TAB IS
A11: Recipes — every recipe you've ever been offered. Grey columns count how often it's been offered, picked, its average rating and when you last made it.
A12: Weekly Log — every option offered, every week. Logging the ones you passed on too is what makes pick_rate meaningful.
A13: Ingredients — one row per ingredient per recipe. Entered once per recipe, reused every time you make it again.
A14: Ingredient Catalog — each ingredient once, with one spelling, one unit, an aisle and whether it's a pantry staple.
... A25: Formulas are pre-filled for 500 recipes, 3,000 ingredient rows, 500 catalog items and 1,000 log rows — years of weekly prep, far past a two-month trial.

Sheet Recipes
A1: Recipes — one row per recipe, ever
A2: Yellow headers: you fill in. Grey headers: calculated from the Weekly Log, don't type in them. Grey italic EX rows are examples; delete them before week 1.
A3: recipe_id | B3: name | C3: source | D3: url | E3: meal_type | F3: cuisine | G3: servings | H3: added_on | I3: status | J3: times_offered | K3: times_picked | L3: pick_rate | M3: avg_rating | N3: last_made | O3: weeks_since_made | P3: notes | Q3: latest_tweak
A4: EX01 | B4: Chicken burrito bowls | C4: AI | E4: Lunch | F4: Mexican | G4: 4 | H4: 46312 | I4: Active | J4: =IF(A4="","",COUNTIF('Weekly Log'!$C:$C,A4)) -> 1 | K4: =IF(A4="","",COUNTIFS('Weekly Log'!$C:$C,A4,'Weekly Log'!$E:$E,"Yes")) -> 0 | L4: =IF(A4="","",IF(J4=0,"",K4/J4)) -> 0 | M4: =IF(A4="","",IFERROR((SUMIFS('Weekly Log'!$F:$F,'Weekly Log'!$C:$C,A4)+SUMIFS('Weekly Log'!$G:$G,'Weekly Log'!$C:$C,A4))/(COUNTIFS('Weekly Log'!$C:$C,A4,'Weekly Log'!$F:$F,"<>")+COUNTIFS('Weekly Log'!$C:$C,A4,'Weekly Log'!$G:$G,"<>")),"")) | N4: =IF(A4="","",IF(K4=0,"",_xlfn.MAXIFS('Weekly Log'!$A:$A,'Weekly Log'!$C:$C,A4,'Weekly Log'!$E:$E,"Yes"))) | O4: =IF(N4="","",MAX(0,INT((TODAY()-N4)/7))) | Q4: =IF(A4="","",IFERROR(LOOKUP(2,1/(('Weekly Log'!$C$4:$C$1003=A4)*('Weekly Log'!$I$4:$I$1003<>"")),'Weekly Log'!$I$4:$I$1003),""))
A5: EX02 | B5: Cold sesame noodles with cucumber | C5: AI | E5: Lunch | F5: Chinese | G5: 4 | H5: 46312 | I5: Active | J5: =IF(A5="","",COUNTIF('Weekly Log'!$C:$C,A5)) -> 1 | K5: =IF(A5="","",COUNTIFS('Weekly Log'!$C:$C,A5,'Weekly Log'!$E:$E,"Yes")) -> 1 | L5: =IF(A5="","",IF(J5=0,"",K5/J5)) -> 1 | M5: =IF(A5="","",IFERROR((SUMIFS('Weekly Log'!$F:$F,'Weekly Log'!$C:$C,A5)+SUMIFS('Weekly Log'!$G:$G,'Weekly Log'!$C:$C,A5))/(COUNTIFS('Weekly Log'!$C:$C,A5,'Weekly Log'!$F:$F,"<>")+COUNTIFS('Weekly Log'!$C:$C,A5,'Weekly Log'!$G:$G,"<>")),"")) | N5: =IF(A5="","",IF(K5=0,"",_xlfn.MAXIFS('Weekly Log'!$A:$A,'Weekly Log'!$C:$C,A5,'Weekly Log'!$E:$E,"Yes"))) -> 46313 | O5: =IF(N5="","",MAX(0,INT((TODAY()-N5)/7))) -> 0 | Q5: =IF(A5="","",IFERROR(LOOKUP(2,1/(('Weekly Log'!$C$4:$C$1003=A5)*('Weekly Log'!$I$4:$I$1003<>"")),'Weekly Log'!$I$4:$I$1003),""))
A6: EX03 | B6: Ciorbă de perișoare (meatball soup) | C6: Own | E6: Lunch | F6: Romanian | G6: 6 | H6: 46305 | I6: Active | J6: =IF(A6="","",COUNTIF('Weekly Log'!$C:$C,A6)) -> 2 | K6: =IF(A6="","",COUNTIFS('Weekly Log'!$C:$C,A6,'Weekly Log'!$E:$E,"Yes")) -> 2 | L6: =IF(A6="","",IF(J6=0,"",K6/J6)) -> 1 | M6: =IF(A6="","",IFERROR((SUMIFS('Weekly Log'!$F:$F,'Weekly Log'!$C:$C,A6)+SUMIFS('Weekly Log'!$G:$G,'Weekly Log'!$C:$C,A6))/(COUNTIFS('Weekly Log'!$C:$C,A6,'Weekly Log'!$F:$F,"<>")+COUNTIFS('Weekly Log'!$C:$C,A6,'Weekly Log'!$G:$G,"<>")),"")) -> 4.5 | N6: =IF(A6="","",IF(K6=0,"",_xlfn.MAXIFS('Weekly Log'!$A:$A,'Weekly Log'!$C:$C,A6,'Weekly Log'!$E:$E,"Yes"))) -> 46313 | O6: =IF(N6="","",MAX(0,INT((TODAY()-N6)/7))) -> 0 | Q6: =IF(A6="","",IFERROR(LOOKUP(2,1/(('Weekly Log'!$C$4:$C$1003=A6)*('Weekly Log'!$I$4:$I$1003<>"")),'Weekly Log'!$I$4:$I$1003),"")) -> Extra lovage, more borș
A7: EX04 | B7: Greek chicken orzo | C7: AI | E7: Lunch | F7: Mediterranean | G7: 4 | H7: 46312 | I7: Active | J7: =IF(A7="","",COUNTIF('Weekly Log'!$C:$C,A7)) -> 1 | K7: =IF(A7="","",COUNTIFS('Weekly Log'!$C:$C,A7,'Weekly Log'!$E:$E,"Yes")) -> 0 | L7: =IF(A7="","",IF(J7=0,"",K7/J7)) -> 0 | M7: =IF(A7="","",IFERROR((SUMIFS('Weekly Log'!$F:$F,'Weekly Log'!$C:$C,A7)+SUMIFS('Weekly Log'!$G:$G,'Weekly Log'!$C:$C,A7))/(COUNTIFS('Weekly Log'!$C:$C,A7,'Weekly Log'!$F:$F,"<>")+COUNTIFS('Weekly Log'!$C:$C,A7,'Weekly Log'!$G:$G,"<>")),"")) | N7: =IF(A7="","",IF(K7=0,"",_xlfn.MAXIFS('Weekly Log'!$A:$A,'Weekly Log'!$C:$C,A7,'Weekly Log'!$E:$E,"Yes"))) | O7: =IF(N7="","",MAX(0,INT((TODAY()-N7)/7))) | Q7: =IF(A7="","",IFERROR(LOOKUP(2,1/(('Weekly Log'!$C$4:$C$1003=A7)*('Weekly Log'!$I$4:$I$1003<>"")),'Weekly Log'!$I$4:$I$1003),""))
A8: EX05 | B8: Sheet-pan sausage, peppers & potatoes | C8: AI | E8: Dinner | F8: American | G8: 4 | H8: 46312 | I8: Active | J8: =IF(A8="","",COUNTIF('Weekly Log'!$C:$C,A8)) -> 1 | K8: =IF(A8="","",COUNTIFS('Weekly Log'!$C:$C,A8,'Weekly Log'!$E:$E,"Yes")) -> 1 | L8: =IF(A8="","",IF(J8=0,"",K8/J8)) -> 1 | M8: =IF(A8="","",IFERROR((SUMIFS('Weekly Log'!$F:$F,'Weekly Log'!$C:$C,A8)+SUMIFS('Weekly Log'!$G:$G,'Weekly Log'!$C:$C,A8))/(COUNTIFS('Weekly Log'!$C:$C,A8,'Weekly Log'!$F:$F,"<>")+COUNTIFS('Weekly Log'!$C:$C,A8,'Weekly Log'!$G:$G,"<>")),"")) | N8: =IF(A8="","",IF(K8=0,"",_xlfn.MAXIFS('Weekly Log'!$A:$A,'Weekly Log'!$C:$C,A8,'Weekly Log'!$E:$E,"Yes"))) -> 46313 | O8: =IF(N8="","",MAX(0,INT((TODAY()-N8)/7))) -> 0 | Q8: =IF(A8="","",IFERROR(LOOKUP(2,1/(('Weekly Log'!$C$4:$C$1003=A8)*('Weekly Log'!$I$4:$I$1003<>"")),'Weekly Log'!$I$4:$I$1003),""))
A9: EX06 | B9: Red-braised pork belly (hong shao rou) | C9: AI | E9: Dinner | F9: Chinese | G9: 4 | H9: 46312 | I9: Active | J9: =IF(A9="","",COUNTIF('Weekly Log'!$C:$C,A9)) -> 1 | K9: =IF(A9="","",COUNTIFS('Weekly Log'!$C:$C,A9,'Weekly Log'!$E:$E,"Yes")) -> 0 | L9: =IF(A9="","",IF(J9=0,"",K9/J9)) -> 0 | M9: =IF(A9="","",IFERROR((SUMIFS('Weekly Log'!$F:$F,'Weekly Log'!$C:$C,A9)+SUMIFS('Weekly Log'!$G:$G,'Weekly Log'!$C:$C,A9))/(COUNTIFS('Weekly Log'!$C:$C,A9,'Weekly Log'!$F:$F,"<>")+COUNTIFS('Weekly Log'!$C:$C,A9,'Weekly Log'!$G:$G,"<>")),"")) | N9: =IF(A9="","",IF(K9=0,"",_xlfn.MAXIFS('Weekly Log'!$A:$A,'Weekly Log'!$C:$C,A9,'Weekly Log'!$E:$E,"Yes"))) | O9: =IF(N9="","",MAX(0,INT((TODAY()-N9)/7))) | Q9: =IF(A9="","",IFERROR(LOOKUP(2,1/(('Weekly Log'!$C$4:$C$1003=A9)*('Weekly Log'!$I$4:$I$1003<>"")),'Weekly Log'!$I$4:$I$1003),""))
A10: EX07 | B10: Tomato egg stir-fry | C10: Own | E10: Dinner | F10: Chinese | G10: 2 | H10: 46305 | I10: Active | J10: =IF(A10="","",COUNTIF('Weekly Log'!$C:$C,A10)) -> 2 | K10: =IF(A10="","",COUNTIFS('Weekly Log'!$C:$C,A10,'Weekly Log'!$E:$E,"Yes")) -> 1 | L10: =IF(A10="","",IF(J10=0,"",K10/J10)) -> 0.5 | M10: =IF(A10="","",IFERROR((SUMIFS('Weekly Log'!$F:$F,'Weekly Log'!$C:$C,A10)+SUMIFS('Weekly Log'!$G:$G,'Weekly Log'!$C:$C,A10))/(COUNTIFS('Weekly Log'!$C:$C,A10,'Weekly Log'!$F:$F,"<>")+COUNTIFS('Weekly Log'!$C:$C,A10,'Weekly Log'!$G:$G,"<>")),"")) -> 4.5 | N10: =IF(A10="","",IF(K10=0,"",_xlfn.MAXIFS('Weekly Log'!$A:$A,'Weekly Log'!$C:$C,A10,'Weekly Log'!$E:$E,"Yes"))) -> 46306 | O10: =IF(N10="","",MAX(0,INT((TODAY()-N10)/7))) -> 0 | Q10: =IF(A10="","",IFERROR(LOOKUP(2,1/(('Weekly Log'!$C$4:$C$1003=A10)*('Weekly Log'!$I$4:$I$1003<>"")),'Weekly Log'!$I$4:$I$1003),""))
A11: EX08 | B11: Chicken papricaș with mămăligă | C11: AI | E11: Dinner | F11: Romanian | G11: 4 | H11: 46312 | I11: Active | J11: =IF(A11="","",COUNTIF('Weekly Log'!$C:$C,A11)) -> 1 | K11: =IF(A11="","",COUNTIFS('Weekly Log'!$C:$C,A11,'Weekly Log'!$E:$E,"Yes")) -> 1 | L11: =IF(A11="","",IF(J11=0,"",K11/J11)) -> 1 | M11: =IF(A11="","",IFERROR((SUMIFS('Weekly Log'!$F:$F,'Weekly Log'!$C:$C,A11)+SUMIFS('Weekly Log'!$G:$G,'Weekly Log'!$C:$C,A11))/(COUNTIFS('Weekly Log'!$C:$C,A11,'Weekly Log'!$F:$F,"<>")+COUNTIFS('Weekly Log'!$C:$C,A11,'Weekly Log'!$G:$G,"<>")),"")) | N11: =IF(A11="","",IF(K11=0,"",_xlfn.MAXIFS('Weekly Log'!$A:$A,'Weekly Log'!$C:$C,A11,'Weekly Log'!$E:$E,"Yes"))) -> 46313 | O11: =IF(N11="","",MAX(0,INT((TODAY()-N11)/7))) -> 0 | Q11: =IF(A11="","",IFERROR(LOOKUP(2,1/(('Weekly Log'!$C$4:$C$1003=A11)*('Weekly Log'!$I$4:$I$1003<>"")),'Weekly Log'!$I$4:$I$1003),""))
J12: =IF(A12="","",COUNTIF('Weekly Log'!$C:$C,A12)) | K12: =IF(A12="","",COUNTIFS('Weekly Log'!$C:$C,A12,'Weekly Log'!$E:$E,"Yes")) | L12: =IF(A12="","",IF(J12=0,"",K12/J12)) | M12: =IF(A12="","",IFERROR((SUMIFS('Weekly Log'!$F:$F,'Weekly Log'!$C:$C,A12)+SUMIFS('Weekly Log'!$G:$G,'Weekly Log'!$C:$C,A12))/(COUNTIFS('Weekly Log'!$C:$C,A12,'Weekly Log'!$F:$F,"<>")+COUNTIFS('Weekly Log'!$C:$C,A12,'Weekly Log'!$G:$G,"<>")),"")) | N12: =IF(A12="","",IF(K12=0,"",_xlfn.MAXIFS('Weekly Log'!$A:$A,'Weekly Log'!$C:$C,A12,'Weekly Log'!$E:$E,"Yes"))) | O12: =IF(N12="","",MAX(0,INT((TODAY()-N12)/7))) | Q12: =IF(A12="","",IFERROR(LOOKUP(2,1/(('Weekly Log'!$C$4:$C$1003=A12)*('Weekly Log'!$I$4:$I$1003<>"")),'Weekly Log'!$I$4:$I$1003),""))
J13: =IF(A13="","",COUNTIF('Weekly Log'!$C:$C,A13)) | K13: =IF(A13="","",COUNTIFS('Weekly Log'!$C:$C,A13,'Weekly Log'!$E:$E,"Yes")) | L13: =IF(A13="","",IF(J13=0,"",K13/J13)) | M13: =IF(A13="","",IFERROR((SUMIFS('Weekly Log'!$F:$F,'Weekly Log'!$C:$C,A13)+SUMIFS('Weekly Log'!$G:$G,'Weekly Log'!$C:$C,A13))/(COUNTIFS('Weekly Log'!$C:$C,A13,'Weekly Log'!$F:$F,"<>")+COUNTIFS('Weekly Log'!$C:$C,A13,'Weekly Log'!$G:$G,"<>")),"")) | N13: =IF(A13="","",IF(K13=0,"",_xlfn.MAXIFS('Weekly Log'!$A:$A,'Weekly Log'!$C:$C,A13,'Weekly Log'!$E:$E,"Yes"))) | O13: =IF(N13="","",MAX(0,INT((TODAY()-N13)/7))) | Q13: =IF(A13="","",IFERROR(LOOKUP(2,1/(('Weekly Log'!$C$4:$C$1003=A13)*('Weekly Log'!$I$4:$I$1003<>"")),'Weekly Log'!$I$4:$I$1003),""))
J14: =IF(A14="","",COUNTIF('Weekly Log'!$C:$C,A14)) | K14: =IF(A14="","",COUNTIFS('Weekly Log'!$C:$C,A14,'Weekly Log'!$E:$E,"Yes")) | L14: =IF(A14="","",IF(J14=0,"",K14/J14)) | M14: =IF(A14="","",IFERROR((SUMIFS('Weekly Log'!$F:$F,'Weekly Log'!$C:$C,A14)+SUMIFS('Weekly Log'!$G:$G,'Weekly Log'!$C:$C,A14))/(COUNTIFS('Weekly Log'!$C:$C,A14,'Weekly Log'!$F:$F,"<>")+COUNTIFS('Weekly Log'!$C:$C,A14,'Weekly Log'!$G:$G,"<>")),"")) | N14: =IF(A14="","",IF(K14=0,"",_xlfn.MAXIFS('Weekly Log'!$A:$A,'Weekly Log'!$C:$C,A14,'Weekly Log'!$E:$E,"Yes"))) | O14: =IF(N14="","",MAX(0,INT((TODAY()-N14)/7))) | Q14: =IF(A14="","",IFERROR(LOOKUP(2,1/(('Weekly Log'!$C$4:$C$1003=A14)*('Weekly Log'!$I$4:$I$1003<>"")),'Weekly Log'!$I$4:$I$1003),""))
J15: =IF(A15="","",COUNTIF('Weekly Log'!$C:$C,A15)) | K15: =IF(A15="","",COUNTIFS('Weekly Log'!$C:$C,A15,'Weekly Log'!$E:$E,"Yes")) | L15: =IF(A15="","",IF(J15=0,"",K15/J15)) | M15: =IF(A15="","",IFERROR((SUMIFS('Weekly Log'!$F:$F,'Weekly Log'!$C:$C,A15)+SUMIFS('Weekly Log'!$G:$G,'Weekly Log'!$C:$C,A15))/(COUNTIFS('Weekly Log'!$C:$C,A15,'Weekly Log'!$F:$F,"<>")+COUNTIFS('Weekly Log'!$C:$C,A15,'Weekly Log'!$G:$G,"<>")),"")) | N15: =IF(A15="","",IF(K15=0,"",_xlfn.MAXIFS('Weekly Log'!$A:$A,'Weekly Log'!$C:$C,A15,'Weekly Log'!$E:$E,"Yes"))) | O15: =IF(N15="","",MAX(0,INT((TODAY()-N15)/7))) | Q15: =IF(A15="","",IFERROR(LOOKUP(2,1/(('Weekly Log'!$C$4:$C$1003=A15)*('Weekly Log'!$I$4:$I$1003<>"")),'Weekly Log'!$I$4:$I$1003),""))
J16: =IF(A16="","",COUNTIF('Weekly Log'!$C:$C,A16)) | K16: =IF(A16="","",COUNTIFS('Weekly Log'!$C:$C,A16,'Weekly Log'!$E:$E,"Yes")) | L16: =IF(A16="","",IF(J16=0,"",K16/J16)) | M16: =IF(A16="","",IFERROR((SUMIFS('Weekly Log'!$F:$F,'Weekly Log'!$C:$C,A16)+SUMIFS('Weekly Log'!$G:$G,'Weekly Log'!$C:$C,A16))/(COUNTIFS('Weekly Log'!$C:$C,A16,'Weekly Log'!$F:$F,"<>")+COUNTIFS('Weekly Log'!$C:$C,A16,'Weekly Log'!$G:$G,"<>")),"")) | N16: =IF(A16="","",IF(K16=0,"",_xlfn.MAXIFS('Weekly Log'!$A:$A,'Weekly Log'!$C:$C,A16,'Weekly Log'!$E:$E,"Yes"))) | O16: =IF(N16="","",MAX(0,INT((TODAY()-N16)/7))) | Q16: =IF(A16="","",IFERROR(LOOKUP(2,1/(('Weekly Log'!$C$4:$C$1003=A16)*('Weekly Log'!$I$4:$I$1003<>"")),'Weekly Log'!$I$4:$I$1003),""))
J17: =IF(A17="","",COUNTIF('Weekly Log'!$C:$C,A17)) | K17: =IF(A17="","",COUNTIFS('Weekly Log'!$C:$C,A17,'Weekly Log'!$E:$E,"Yes")) | L17: =IF(A17="","",IF(J17=0,"",K17/J17)) | M17: =IF(A17="","",IFERROR((SUMIFS('Weekly Log'!$F:$F,'Weekly Log'!$C:$C,A17)+SUMIFS('Weekly Log'!$G:$G,'Weekly Log'!$C:$C,A17))/(COUNTIFS('Weekly Log'!$C:$C,A17,'Weekly Log'!$F:$F,"<>")+COUNTIFS('Weekly Log'!$C:$C,A17,'Weekly Log'!$G:$G,"<>")),"")) | N17: =IF(A17="","",IF(K17=0,"",_xlfn.MAXIFS('Weekly Log'!$A:$A,'Weekly Log'!$C:$C,A17,'Weekly Log'!$E:$E,"Yes"))) | O17: =IF(N17="","",MAX(0,INT((TODAY()-N17)/7))) | Q17: =IF(A17="","",IFERROR(LOOKUP(2,1/(('Weekly Log'!$C$4:$C$1003=A17)*('Weekly Log'!$I$4:$I$1003<>"")),'Weekly Log'!$I$4:$I$1003),""))
J18: =IF(A18="","",COUNTIF('Weekly Log'!$C:$C,A18)) | K18: =IF(A18="","",COUNTIFS('Weekly Log'!$C:$C,A18,'Weekly Log'!$E:$E,"Yes")) | L18: =IF(A18="","",IF(J18=0,"",K18/J18)) | M18: =IF(A18="","",IFERROR((SUMIFS('Weekly Log'!$F:$F,'Weekly Log'!$C:$C,A18)+SUMIFS('Weekly Log'!$G:$G,'Weekly Log'!$C:$C,A18))/(COUNTIFS('Weekly Log'!$C:$C,A18,'Weekly Log'!$F:$F,"<>")+COUNTIFS('Weekly Log'!$C:$C,A18,'Weekly Log'!$G:$G,"<>")),"")) | N18: =IF(A18="","",IF(K18=0,"",_xlfn.MAXIFS('Weekly Log'!$A:$A,'Weekly Log'!$C:$C,A18,'Weekly Log'!$E:$E,"Yes"))) | O18: =IF(N18="","",MAX(0,INT((TODAY()-N18)/7))) | Q18: =IF(A18="","",IFERROR(LOOKUP(2,1/(('Weekly Log'!$C$4:$C$1003=A18)*('Weekly Log'!$I$4:$I$1003<>"")),'Weekly Log'!$I$4:$I$1003),""))
J19: =IF(A19="","",COUNTIF('Weekly Log'!$C:$C,A19)) | K19: =IF(A19="","",COUNTIFS('Weekly Log'!$C:$C,A19,'Weekly Log'!$E:$E,"Yes")) | L19: =IF(A19="","",IF(J19=0,"",K19/J19)) | M19: =IF(A19="","",IFERROR((SUMIFS('Weekly Log'!$F:$F,'Weekly Log'!$C:$C,A19)+SUMIFS('Weekly Log'!$G:$G,'Weekly Log'!$C:$C,A19))/(COUNTIFS('Weekly Log'!$C:$C,A19,'Weekly Log'!$F:$F,"<>")+COUNTIFS('Weekly Log'!$C:$C,A19,'Weekly Log'!$G:$G,"<>")),"")) | N19: =IF(A19="","",IF(K19=0,"",_xlfn.MAXIFS('Weekly Log'!$A:$A,'Weekly Log'!$C:$C,A19,'Weekly Log'!$E:$E,"Yes"))) | O19: =IF(N19="","",MAX(0,INT((TODAY()-N19)/7))) | Q19: =IF(A19="","",IFERROR(LOOKUP(2,1/(('Weekly Log'!$C$4:$C$1003=A19)*('Weekly Log'!$I$4:$I$1003<>"")),'Weekly Log'!$I$4:$I$1003),""))
J20: =IF(A20="","",COUNTIF('Weekly Log'!$C:$C,A20)) | K20: =IF(A20="","",COUNTIFS('Weekly Log'!$C:$C,A20,'Weekly Log'!$E:$E,"Yes")) | L20: =IF(A20="","",IF(J20=0,"",K20/J20)) | M20: =IF(A20="","",IFERROR((SUMIFS('Weekly Log'!$F:$F,'Weekly Log'!$C:$C,A20)+SUMIFS('Weekly Log'!$G:$G,'Weekly Log'!$C:$C,A20))/(COUNTIFS('Weekly Log'!$C:$C,A20,'Weekly Log'!$F:$F,"<>")+COUNTIFS('Weekly Log'!$C:$C,A20,'Weekly Log'!$G:$G,"<>")),"")) | N20: =IF(A20="","",IF(K20=0,"",_xlfn.MAXIFS('Weekly Log'!$A:$A,'Weekly Log'!$C:$C,A20,'Weekly Log'!$E:$E,"Yes"))) | O20: =IF(N20="","",MAX(0,INT((TODAY()-N20)/7))) | Q20: =IF(A20="","",IFERROR(LOOKUP(2,1/(('Weekly Log'!$C$4:$C$1003=A20)*('Weekly Log'!$I$4:$I$1003<>"")),'Weekly Log'!$I$4:$I$1003),""))
J21: =IF(A21="","",COUNTIF('Weekly Log'!$C:$C,A21)) | K21: =IF(A21="","",COUNTIFS('Weekly Log'!$C:$C,A21,'Weekly Log'!$E:$E,"Yes")) | L21: =IF(A21="","",IF(J21=0,"",K21/J21)) | M21: =IF(A21="","",IFERROR((SUMIFS('Weekly Log'!$F:$F,'Weekly Log'!$C:$C,A21)+SUMIFS('Weekly Log'!$G:$G,'Weekly Log'!$C:$C,A21))/(COUNTIFS('Weekly Log'!$C:$C,A21,'Weekly Log'!$F:$F,"<>")+COUNTIFS('Weekly Log'!$C:$C,A21,'Weekly Log'!$G:$G,"<>")),"")) | N21: =IF(A21="","",IF(K21=0,"",_xlfn.MAXIFS('Weekly Log'!$A:$A,'Weekly Log'!$C:$C,A21,'Weekly Log'!$E:$E,"Yes"))) | O21: =IF(N21="","",MAX(0,INT((TODAY()-N21)/7))) | Q21: =IF(A21="","",IFERROR(LOOKUP(2,1/(('Weekly Log'!$C$4:$C$1003=A21)*('Weekly Log'!$I$4:$I$1003<>"")),'Weekly Log'!$I$4:$I$1003),""))
J22: =IF(A22="","",COUNTIF('Weekly Log'!$C:$C,A22)) | K22: =IF(A22="","",COUNTIFS('Weekly Log'!$C:$C,A22,'Weekly Log'!$E:$E,"Yes")) | L22: =IF(A22="","",IF(J22=0,"",K22/J22)) | M22: =IF(A22="","",IFERROR((SUMIFS('Weekly Log'!$F:$F,'Weekly Log'!$C:$C,A22)+SUMIFS('Weekly Log'!$G:$G,'Weekly Log'!$C:$C,A22))/(COUNTIFS('Weekly Log'!$C:$C,A22,'Weekly Log'!$F:$F,"<>")+COUNTIFS('Weekly Log'!$C:$C,A22,'Weekly Log'!$G:$G,"<>")),"")) | N22: =IF(A22="","",IF(K22=0,"",_xlfn.MAXIFS('Weekly Log'!$A:$A,'Weekly Log'!$C:$C,A22,'Weekly Log'!$E:$E,"Yes"))) | O22: =IF(N22="","",MAX(0,INT((TODAY()-N22)/7))) | Q22: =IF(A22="","",IFERROR(LOOKUP(2,1/(('Weekly Log'!$C$4:$C$1003=A22)*('Weekly Log'!$I$4:$I$1003<>"")),'Weekly Log'!$I$4:$I$1003),""))
J23: =IF(A23="","",COUNTIF('Weekly Log'!$C:$C,A23)) | K23: =IF(A23="","",COUNTIFS('Weekly Log'!$C:$C,A23,'Weekly Log'!$E:$E,"Yes")) | L23: =IF(A23="","",IF(J23=0,"",K23/J23)) | M23: =IF(A23="","",IFERROR((SUMIFS('Weekly Log'!$F:$F,'Weekly Log'!$C:$C,A23)+SUMIFS('Weekly Log'!$G:$G,'Weekly Log'!$C:$C,A23))/(COUNTIFS('Weekly Log'!$C:$C,A23,'Weekly Log'!$F:$F,"<>")+COUNTIFS('Weekly Log'!$C:$C,A23,'Weekly Log'!$G:$G,"<>")),"")) | N23: =IF(A23="","",IF(K23=0,"",_xlfn.MAXIFS('Weekly Log'!$A:$A,'Weekly Log'!$C:$C,A23,'Weekly Log'!$E:$E,"Yes"))) | O23: =IF(N23="","",MAX(0,INT((TODAY()-N23)/7))) | Q23: =IF(A23="","",IFERROR(LOOKUP(2,1/(('Weekly Log'!$C$4:$C$1003=A23)*('Weekly Log'!$I$4:$I$1003<>"")),'Weekly Log'!$I$4:$I$1003),""))
... J503: =IF(A503="","",COUNTIF('Weekly Log'!$C:$C,A503)) | K503: =IF(A503="","",COUNTIFS('Weekly Log'!$C:$C,A503,'Weekly Log'!$E:$E,"Yes")) | L503: =IF(A503="","",IF(J503=0,"",K503/J503)) | M503: =IF(A503="","",IFERROR((SUMIFS('Weekly Log'!$F:$F,'Weekly Log'!$C:$C,A503)+SUMIFS('Weekly Log'!$G:$G,'Weekly Log'!$C:$C,A503))/(COUNTIFS('Weekly Log'!$C:$C,A503,'Weekly Log'!$F:$F,"<>")+COUNTIFS('Weekly Log'!$C:$C,A503,'Weekly Log'!$G:$G,"<>")),"")) | N503: =IF(A503="","",IF(K503=0,"",_xlfn.MAXIFS('Weekly Log'!$A:$A,'Weekly Log'!$C:$C,A503,'Weekly Log'!$E:$E,"Yes"))) | O503: =IF(N503="","",MAX(0,INT((TODAY()-N503)/7))) | Q503: =IF(A503="","",IFERROR(LOOKUP(2,1/(('Weekly Log'!$C$4:$C$1003=A503)*('Weekly Log'!$I$4:$I$1003<>"")),'Weekly Log'!$I$4:$I$1003),""))

Sheet Weekly Log
A1: Weekly Log — one row per option offered, every week
A2: Sunday: add every option in the pitch (picked = No). After you choose: flip picks to Yes. Next week's debrief: fill ratings 1–5, verdict, and what to change in tweak.
A3: week_of | B3: slot | C3: recipe_id | D3: recipe_name | E3: picked | F3: rating_lily | G3: rating_andrei | H3: verdict | I3: tweak | J3: notes | K3: source | L3: grocery_rank
A4: 46306 | B4: Lunch 1 | C4: EX03 | D4: =IF(C4="","",IFERROR(INDEX(Recipes!$B:$B,MATCH(C4,Recipes!$A:$A,0)),"⚠ unknown recipe_id")) -> Ciorbă de perișoare (meatball soup) | E4: Yes | F4: 4 | G4: 5 | H4: Tweak | I4: Extra lovage, more borș | J4: Even better on day 3 | K4: =IF(C4="","",IFERROR(INDEX(Recipes!$C:$C,MATCH(C4,Recipes!$A:$A,0)),"")) -> Own | L4: =IF(AND(A4='Grocery List'!$B$3,E4="Yes"),COUNTIFS($A$4:A4,'Grocery List'!$B$3,$E$4:E4,"Yes"),"")
A5: 46306 | B5: Dinner 1 | C5: EX07 | D5: =IF(C5="","",IFERROR(INDEX(Recipes!$B:$B,MATCH(C5,Recipes!$A:$A,0)),"⚠ unknown recipe_id")) -> Tomato egg stir-fry | E5: Yes | F5: 5 | G5: 4 | H5: Again | J5: Andrei wants it weekly | K5: =IF(C5="","",IFERROR(INDEX(Recipes!$C:$C,MATCH(C5,Recipes!$A:$A,0)),"")) -> Own | L5: =IF(AND(A5='Grocery List'!$B$3,E5="Yes"),COUNTIFS($A$4:A5,'Grocery List'!$B$3,$E$4:E5,"Yes"),"")
A6: 46313 | B6: Lunch 1 | C6: EX01 | D6: =IF(C6="","",IFERROR(INDEX(Recipes!$B:$B,MATCH(C6,Recipes!$A:$A,0)),"⚠ unknown recipe_id")) -> Chicken burrito bowls | E6: No | K6: =IF(C6="","",IFERROR(INDEX(Recipes!$C:$C,MATCH(C6,Recipes!$A:$A,0)),"")) -> AI | L6: =IF(AND(A6='Grocery List'!$B$3,E6="Yes"),COUNTIFS($A$4:A6,'Grocery List'!$B$3,$E$4:E6,"Yes"),"")
A7: 46313 | B7: Lunch 1 | C7: EX02 | D7: =IF(C7="","",IFERROR(INDEX(Recipes!$B:$B,MATCH(C7,Recipes!$A:$A,0)),"⚠ unknown recipe_id")) -> Cold sesame noodles with cucumber | E7: Yes | K7: =IF(C7="","",IFERROR(INDEX(Recipes!$C:$C,MATCH(C7,Recipes!$A:$A,0)),"")) -> AI | L7: =IF(AND(A7='Grocery List'!$B$3,E7="Yes"),COUNTIFS($A$4:A7,'Grocery List'!$B$3,$E$4:E7,"Yes"),"") -> 1
A8: 46313 | B8: Lunch 2 | C8: EX03 | D8: =IF(C8="","",IFERROR(INDEX(Recipes!$B:$B,MATCH(C8,Recipes!$A:$A,0)),"⚠ unknown recipe_id")) -> Ciorbă de perișoare (meatball soup) | E8: Yes | K8: =IF(C8="","",IFERROR(INDEX(Recipes!$C:$C,MATCH(C8,Recipes!$A:$A,0)),"")) -> Own | L8: =IF(AND(A8='Grocery List'!$B$3,E8="Yes"),COUNTIFS($A$4:A8,'Grocery List'!$B$3,$E$4:E8,"Yes"),"") -> 2
A9: 46313 | B9: Lunch 2 | C9: EX04 | D9: =IF(C9="","",IFERROR(INDEX(Recipes!$B:$B,MATCH(C9,Recipes!$A:$A,0)),"⚠ unknown recipe_id")) -> Greek chicken orzo | E9: No | K9: =IF(C9="","",IFERROR(INDEX(Recipes!$C:$C,MATCH(C9,Recipes!$A:$A,0)),"")) -> AI | L9: =IF(AND(A9='Grocery List'!$B$3,E9="Yes"),COUNTIFS($A$4:A9,'Grocery List'!$B$3,$E$4:E9,"Yes"),"")
A10: 46313 | B10: Dinner 1 | C10: EX05 | D10: =IF(C10="","",IFERROR(INDEX(Recipes!$B:$B,MATCH(C10,Recipes!$A:$A,0)),"⚠ unknown recipe_id")) -> Sheet-pan sausage, peppers & potatoes | E10: Yes | K10: =IF(C10="","",IFERROR(INDEX(Recipes!$C:$C,MATCH(C10,Recipes!$A:$A,0)),"")) -> AI | L10: =IF(AND(A10='Grocery List'!$B$3,E10="Yes"),COUNTIFS($A$4:A10,'Grocery List'!$B$3,$E$4:E10,"Yes"),"") -> 3
A11: 46313 | B11: Dinner 1 | C11: EX06 | D11: =IF(C11="","",IFERROR(INDEX(Recipes!$B:$B,MATCH(C11,Recipes!$A:$A,0)),"⚠ unknown recipe_id")) -> Red-braised pork belly (hong shao rou) | E11: No | K11: =IF(C11="","",IFERROR(INDEX(Recipes!$C:$C,MATCH(C11,Recipes!$A:$A,0)),"")) -> AI | L11: =IF(AND(A11='Grocery List'!$B$3,E11="Yes"),COUNTIFS($A$4:A11,'Grocery List'!$B$3,$E$4:E11,"Yes"),"")
A12: 46313 | B12: Dinner 2 | C12: EX07 | D12: =IF(C12="","",IFERROR(INDEX(Recipes!$B:$B,MATCH(C12,Recipes!$A:$A,0)),"⚠ unknown recipe_id")) -> Tomato egg stir-fry | E12: No | K12: =IF(C12="","",IFERROR(INDEX(Recipes!$C:$C,MATCH(C12,Recipes!$A:$A,0)),"")) -> Own | L12: =IF(AND(A12='Grocery List'!$B$3,E12="Yes"),COUNTIFS($A$4:A12,'Grocery List'!$B$3,$E$4:E12,"Yes"),"")
A13: 46313 | B13: Dinner 2 | C13: EX08 | D13: =IF(C13="","",IFERROR(INDEX(Recipes!$B:$B,MATCH(C13,Recipes!$A:$A,0)),"⚠ unknown recipe_id")) -> Chicken papricaș with mămăligă | E13: Yes | K13: =IF(C13="","",IFERROR(INDEX(Recipes!$C:$C,MATCH(C13,Recipes!$A:$A,0)),"")) -> AI | L13: =IF(AND(A13='Grocery List'!$B$3,E13="Yes"),COUNTIFS($A$4:A13,'Grocery List'!$B$3,$E$4:E13,"Yes"),"") -> 4
D14: =IF(C14="","",IFERROR(INDEX(Recipes!$B:$B,MATCH(C14,Recipes!$A:$A,0)),"⚠ unknown recipe_id")) | K14: =IF(C14="","",IFERROR(INDEX(Recipes!$C:$C,MATCH(C14,Recipes!$A:$A,0)),"")) | L14: =IF(AND(A14='Grocery List'!$B$3,E14="Yes"),COUNTIFS($A$4:A14,'Grocery List'!$B$3,$E$4:E14,"Yes"),"")
D15: =IF(C15="","",IFERROR(INDEX(Recipes!$B:$B,MATCH(C15,Recipes!$A:$A,0)),"⚠ unknown recipe_id")) | K15: =IF(C15="","",IFERROR(INDEX(Recipes!$C:$C,MATCH(C15,Recipes!$A:$A,0)),"")) | L15: =IF(AND(A15='Grocery List'!$B$3,E15="Yes"),COUNTIFS($A$4:A15,'Grocery List'!$B$3,$E$4:E15,"Yes"),"")
D16: =IF(C16="","",IFERROR(INDEX(Recipes!$B:$B,MATCH(C16,Recipes!$A:$A,0)),"⚠ unknown recipe_id")) | K16: =IF(C16="","",IFERROR(INDEX(Recipes!$C:$C,MATCH(C16,Recipes!$A:$A,0)),"")) | L16: =IF(AND(A16='Grocery List'!$B$3,E16="Yes"),COUNTIFS($A$4:A16,'Grocery List'!$B$3,$E$4:E16,"Yes"),"")
D17: =IF(C17="","",IFERROR(INDEX(Recipes!$B:$B,MATCH(C17,Recipes!$A:$A,0)),"⚠ unknown recipe_id")) | K17: =IF(C17="","",IFERROR(INDEX(Recipes!$C:$C,MATCH(C17,Recipes!$A:$A,0)),"")) | L17: =IF(AND(A17='Grocery List'!$B$3,E17="Yes"),COUNTIFS($A$4:A17,'Grocery List'!$B$3,$E$4:E17,"Yes"),"")
D18: =IF(C18="","",IFERROR(INDEX(Recipes!$B:$B,MATCH(C18,Recipes!$A:$A,0)),"⚠ unknown recipe_id")) | K18: =IF(C18="","",IFERROR(INDEX(Recipes!$C:$C,MATCH(C18,Recipes!$A:$A,0)),"")) | L18: =IF(AND(A18='Grocery List'!$B$3,E18="Yes"),COUNTIFS($A$4:A18,'Grocery List'!$B$3,$E$4:E18,"Yes"),"")
D19: =IF(C19="","",IFERROR(INDEX(Recipes!$B:$B,MATCH(C19,Recipes!$A:$A,0)),"⚠ unknown recipe_id")) | K19: =IF(C19="","",IFERROR(INDEX(Recipes!$C:$C,MATCH(C19,Recipes!$A:$A,0)),"")) | L19: =IF(AND(A19='Grocery List'!$B$3,E19="Yes"),COUNTIFS($A$4:A19,'Grocery List'!$B$3,$E$4:E19,"Yes"),"")
D20: =IF(C20="","",IFERROR(INDEX(Recipes!$B:$B,MATCH(C20,Recipes!$A:$A,0)),"⚠ unknown recipe_id")) | K20: =IF(C20="","",IFERROR(INDEX(Recipes!$C:$C,MATCH(C20,Recipes!$A:$A,0)),"")) | L20: =IF(AND(A20='Grocery List'!$B$3,E20="Yes"),COUNTIFS($A$4:A20,'Grocery List'!$B$3,$E$4:E20,"Yes"),"")
D21: =IF(C21="","",IFERROR(INDEX(Recipes!$B:$B,MATCH(C21,Recipes!$A:$A,0)),"⚠ unknown recipe_id")) | K21: =IF(C21="","",IFERROR(INDEX(Recipes!$C:$C,MATCH(C21,Recipes!$A:$A,0)),"")) | L21: =IF(AND(A21='Grocery List'!$B$3,E21="Yes"),COUNTIFS($A$4:A21,'Grocery List'!$B$3,$E$4:E21,"Yes"),"")
D22: =IF(C22="","",IFERROR(INDEX(Recipes!$B:$B,MATCH(C22,Recipes!$A:$A,0)),"⚠ unknown recipe_id")) | K22: =IF(C22="","",IFERROR(INDEX(Recipes!$C:$C,MATCH(C22,Recipes!$A:$A,0)),"")) | L22: =IF(AND(A22='Grocery List'!$B$3,E22="Yes"),COUNTIFS($A$4:A22,'Grocery List'!$B$3,$E$4:E22,"Yes"),"")
D23: =IF(C23="","",IFERROR(INDEX(Recipes!$B:$B,MATCH(C23,Recipes!$A:$A,0)),"⚠ unknown recipe_id")) | K23: =IF(C23="","",IFERROR(INDEX(Recipes!$C:$C,MATCH(C23,Recipes!$A:$A,0)),"")) | L23: =IF(AND(A23='Grocery List'!$B$3,E23="Yes"),COUNTIFS($A$4:A23,'Grocery List'!$B$3,$E$4:E23,"Yes"),"")
D24: =IF(C24="","",IFERROR(INDEX(Recipes!$B:$B,MATCH(C24,Recipes!$A:$A,0)),"⚠ unknown recipe_id")) | K24: =IF(C24="","",IFERROR(INDEX(Recipes!$C:$C,MATCH(C24,Recipes!$A:$A,0)),"")) | L24: =IF(AND(A24='Grocery List'!$B$3,E24="Yes"),COUNTIFS($A$4:A24,'Grocery List'!$B$3,$E$4:E24,"Yes"),"")
D25: =IF(C25="","",IFERROR(INDEX(Recipes!$B:$B,MATCH(C25,Recipes!$A:$A,0)),"⚠ unknown recipe_id")) | K25: =IF(C25="","",IFERROR(INDEX(Recipes!$C:$C,MATCH(C25,Recipes!$A:$A,0)),"")) | L25: =IF(AND(A25='Grocery List'!$B$3,E25="Yes"),COUNTIFS($A$4:A25,'Grocery List'!$B$3,$E$4:E25,"Yes"),"")
... D1003: =IF(C1003="","",IFERROR(INDEX(Recipes!$B:$B,MATCH(C1003,Recipes!$A:$A,0)),"⚠ unknown recipe_id")) | K1003: =IF(C1003="","",IFERROR(INDEX(Recipes!$C:$C,MATCH(C1003,Recipes!$A:$A,0)),"")) | L1003: =IF(AND(A1003='Grocery List'!$B$3,E1003="Yes"),COUNTIFS($A$4:A1003,'Grocery List'!$B$3,$E$4:E1003,"Yes"),"")

Sheet Ingredients
A1: Ingredients — one row per ingredient in each recipe
A2: Pick the ingredient from the dropdown (add it to the Ingredient Catalog first if it's new). Quantity is per batch, in the catalog's unit. Leave quantity blank for 'to taste'.
A3: recipe_id | B3: recipe_name | C3: ingredient | D3: quantity | E3: unit | F3: prep_note | G3: times_needed_this_week | H3: qty_this_week
A4: EX02 | B4: =IF(A4="","",IFERROR(INDEX(Recipes!$B:$B,MATCH(A4,Recipes!$A:$A,0)),"⚠ unknown recipe_id")) -> Cold sesame noodles with cucumber | C4: Wheat noodles | D4: 1 | E4: =IF(C4="","",IFERROR(INDEX('Ingredient Catalog'!$C:$C,MATCH(C4,'Ingredient Catalog'!$A:$A,0)),"⚠ not in catalog")) -> lb | G4: =IF(A4="","",COUNTIFS('Weekly Log'!$A:$A,'Grocery List'!$B$3,'Weekly Log'!$C:$C,A4,'Weekly Log'!$E:$E,"Yes")) -> 1 | H4: =IF(OR(A4="",D4=""),"",D4*G4) -> 1
A5: EX02 | B5: =IF(A5="","",IFERROR(INDEX(Recipes!$B:$B,MATCH(A5,Recipes!$A:$A,0)),"⚠ unknown recipe_id")) -> Cold sesame noodles with cucumber | C5: Cucumber | D5: 2 | E5: =IF(C5="","",IFERROR(INDEX('Ingredient Catalog'!$C:$C,MATCH(C5,'Ingredient Catalog'!$A:$A,0)),"⚠ not in catalog")) -> each | F5: smashed | G5: =IF(A5="","",COUNTIFS('Weekly Log'!$A:$A,'Grocery List'!$B$3,'Weekly Log'!$C:$C,A5,'Weekly Log'!$E:$E,"Yes")) -> 1 | H5: =IF(OR(A5="",D5=""),"",D5*G5) -> 2
A6: EX02 | B6: =IF(A6="","",IFERROR(INDEX(Recipes!$B:$B,MATCH(A6,Recipes!$A:$A,0)),"⚠ unknown recipe_id")) -> Cold sesame noodles with cucumber | C6: Chinese sesame paste | D6: 3 | E6: =IF(C6="","",IFERROR(INDEX('Ingredient Catalog'!$C:$C,MATCH(C6,'Ingredient Catalog'!$A:$A,0)),"⚠ not in catalog")) -> tbsp | G6: =IF(A6="","",COUNTIFS('Weekly Log'!$A:$A,'Grocery List'!$B$3,'Weekly Log'!$C:$C,A6,'Weekly Log'!$E:$E,"Yes")) -> 1 | H6: =IF(OR(A6="",D6=""),"",D6*G6) -> 3
A7: EX02 | B7: =IF(A7="","",IFERROR(INDEX(Recipes!$B:$B,MATCH(A7,Recipes!$A:$A,0)),"⚠ unknown recipe_id")) -> Cold sesame noodles with cucumber | C7: Soy sauce | D7: 3 | E7: =IF(C7="","",IFERROR(INDEX('Ingredient Catalog'!$C:$C,MATCH(C7,'Ingredient Catalog'!$A:$A,0)),"⚠ not in catalog")) -> tbsp | G7: =IF(A7="","",COUNTIFS('Weekly Log'!$A:$A,'Grocery List'!$B$3,'Weekly Log'!$C:$C,A7,'Weekly Log'!$E:$E,"Yes")) -> 1 | H7: =IF(OR(A7="",D7=""),"",D7*G7) -> 3
A8: EX02 | B8: =IF(A8="","",IFERROR(INDEX(Recipes!$B:$B,MATCH(A8,Recipes!$A:$A,0)),"⚠ unknown recipe_id")) -> Cold sesame noodles with cucumber | C8: Chinkiang black vinegar | D8: 1 | E8: =IF(C8="","",IFERROR(INDEX('Ingredient Catalog'!$C:$C,MATCH(C8,'Ingredient Catalog'!$A:$A,0)),"⚠ not in catalog")) -> tbsp | G8: =IF(A8="","",COUNTIFS('Weekly Log'!$A:$A,'Grocery List'!$B$3,'Weekly Log'!$C:$C,A8,'Weekly Log'!$E:$E,"Yes")) -> 1 | H8: =IF(OR(A8="",D8=""),"",D8*G8) -> 1
A9: EX02 | B9: =IF(A9="","",IFERROR(INDEX(Recipes!$B:$B,MATCH(A9,Recipes!$A:$A,0)),"⚠ unknown recipe_id")) -> Cold sesame noodles with cucumber | C9: Chili oil | D9: 1 | E9: =IF(C9="","",IFERROR(INDEX('Ingredient Catalog'!$C:$C,MATCH(C9,'Ingredient Catalog'!$A:$A,0)),"⚠ not in catalog")) -> tbsp | G9: =IF(A9="","",COUNTIFS('Weekly Log'!$A:$A,'Grocery List'!$B$3,'Weekly Log'!$C:$C,A9,'Weekly Log'!$E:$E,"Yes")) -> 1 | H9: =IF(OR(A9="",D9=""),"",D9*G9) -> 1
A10: EX02 | B10: =IF(A10="","",IFERROR(INDEX(Recipes!$B:$B,MATCH(A10,Recipes!$A:$A,0)),"⚠ unknown recipe_id")) -> Cold sesame noodles with cucumber | C10: Garlic | D10: 3 | E10: =IF(C10="","",IFERROR(INDEX('Ingredient Catalog'!$C:$C,MATCH(C10,'Ingredient Catalog'!$A:$A,0)),"⚠ not in catalog")) -> clove | F10: grated | G10: =IF(A10="","",COUNTIFS('Weekly Log'!$A:$A,'Grocery List'!$B$3,'Weekly Log'!$C:$C,A10,'Weekly Log'!$E:$E,"Yes")) -> 1 | H10: =IF(OR(A10="",D10=""),"",D10*G10) -> 3
A11: EX02 | B11: =IF(A11="","",IFERROR(INDEX(Recipes!$B:$B,MATCH(A11,Recipes!$A:$A,0)),"⚠ unknown recipe_id")) -> Cold sesame noodles with cucumber | C11: Scallions | D11: 1 | E11: =IF(C11="","",IFERROR(INDEX('Ingredient Catalog'!$C:$C,MATCH(C11,'Ingredient Catalog'!$A:$A,0)),"⚠ not in catalog")) -> bunch | G11: =IF(A11="","",COUNTIFS('Weekly Log'!$A:$A,'Grocery List'!$B$3,'Weekly Log'!$C:$C,A11,'Weekly Log'!$E:$E,"Yes")) -> 1 | H11: =IF(OR(A11="",D11=""),"",D11*G11) -> 1
A12: EX03 | B12: =IF(A12="","",IFERROR(INDEX(Recipes!$B:$B,MATCH(A12,Recipes!$A:$A,0)),"⚠ unknown recipe_id")) -> Ciorbă de perișoare (meatball soup) | C12: Ground pork | D12: 1 | E12: =IF(C12="","",IFERROR(INDEX('Ingredient Catalog'!$C:$C,MATCH(C12,'Ingredient Catalog'!$A:$A,0)),"⚠ not in catalog")) -> lb | G12: =IF(A12="","",COUNTIFS('Weekly Log'!$A:$A,'Grocery List'!$B$3,'Weekly Log'!$C:$C,A12,'Weekly Log'!$E:$E,"Yes")) -> 1 | H12: =IF(OR(A12="",D12=""),"",D12*G12) -> 1
A13: EX03 | B13: =IF(A13="","",IFERROR(INDEX(Recipes!$B:$B,MATCH(A13,Recipes!$A:$A,0)),"⚠ unknown recipe_id")) -> Ciorbă de perișoare (meatball soup) | C13: Rice | D13: 0.33 | E13: =IF(C13="","",IFERROR(INDEX('Ingredient Catalog'!$C:$C,MATCH(C13,'Ingredient Catalog'!$A:$A,0)),"⚠ not in catalog")) -> cup | G13: =IF(A13="","",COUNTIFS('Weekly Log'!$A:$A,'Grocery List'!$B$3,'Weekly Log'!$C:$C,A13,'Weekly Log'!$E:$E,"Yes")) -> 1 | H13: =IF(OR(A13="",D13=""),"",D13*G13) -> 0.33
A14: EX03 | B14: =IF(A14="","",IFERROR(INDEX(Recipes!$B:$B,MATCH(A14,Recipes!$A:$A,0)),"⚠ unknown recipe_id")) -> Ciorbă de perișoare (meatball soup) | C14: Onion | D14: 1 | E14: =IF(C14="","",IFERROR(INDEX('Ingredient Catalog'!$C:$C,MATCH(C14,'Ingredient Catalog'!$A:$A,0)),"⚠ not in catalog")) -> each | F14: diced | G14: =IF(A14="","",COUNTIFS('Weekly Log'!$A:$A,'Grocery List'!$B$3,'Weekly Log'!$C:$C,A14,'Weekly Log'!$E:$E,"Yes")) -> 1 | H14: =IF(OR(A14="",D14=""),"",D14*G14) -> 1
A15: EX03 | B15: =IF(A15="","",IFERROR(INDEX(Recipes!$B:$B,MATCH(A15,Recipes!$A:$A,0)),"⚠ unknown recipe_id")) -> Ciorbă de perișoare (meatball soup) | C15: Carrot | D15: 2 | E15: =IF(C15="","",IFERROR(INDEX('Ingredient Catalog'!$C:$C,MATCH(C15,'Ingredient Catalog'!$A:$A,0)),"⚠ not in catalog")) -> each | G15: =IF(A15="","",COUNTIFS('Weekly Log'!$A:$A,'Grocery List'!$B$3,'Weekly Log'!$C:$C,A15,'Weekly Log'!$E:$E,"Yes")) -> 1 | H15: =IF(OR(A15="",D15=""),"",D15*G15) -> 2
A16: EX03 | B16: =IF(A16="","",IFERROR(INDEX(Recipes!$B:$B,MATCH(A16,Recipes!$A:$A,0)),"⚠ unknown recipe_id")) -> Ciorbă de perișoare (meatball soup) | C16: Lovage (leuștean) | D16: 1 | E16: =IF(C16="","",IFERROR(INDEX('Ingredient Catalog'!$C:$C,MATCH(C16,'Ingredient Catalog'!$A:$A,0)),"⚠ not in catalog")) -> bunch | G16: =IF(A16="","",COUNTIFS('Weekly Log'!$A:$A,'Grocery List'!$B$3,'Weekly Log'!$C:$C,A16,'Weekly Log'!$E:$E,"Yes")) -> 1 | H16: =IF(OR(A16="",D16=""),"",D16*G16) -> 1
A17: EX03 | B17: =IF(A17="","",IFERROR(INDEX(Recipes!$B:$B,MATCH(A17,Recipes!$A:$A,0)),"⚠ unknown recipe_id")) -> Ciorbă de perișoare (meatball soup) | C17: Borș | D17: 2 | E17: =IF(C17="","",IFERROR(INDEX('Ingredient Catalog'!$C:$C,MATCH(C17,'Ingredient Catalog'!$A:$A,0)),"⚠ not in catalog")) -> cup | G17: =IF(A17="","",COUNTIFS('Weekly Log'!$A:$A,'Grocery List'!$B$3,'Weekly Log'!$C:$C,A17,'Weekly Log'!$E:$E,"Yes")) -> 1 | H17: =IF(OR(A17="",D17=""),"",D17*G17) -> 2
A18: EX03 | B18: =IF(A18="","",IFERROR(INDEX(Recipes!$B:$B,MATCH(A18,Recipes!$A:$A,0)),"⚠ unknown recipe_id")) -> Ciorbă de perișoare (meatball soup) | C18: Egg | D18: 1 | E18: =IF(C18="","",IFERROR(INDEX('Ingredient Catalog'!$C:$C,MATCH(C18,'Ingredient Catalog'!$A:$A,0)),"⚠ not in catalog")) -> each | G18: =IF(A18="","",COUNTIFS('Weekly Log'!$A:$A,'Grocery List'!$B$3,'Weekly Log'!$C:$C,A18,'Weekly Log'!$E:$E,"Yes")) -> 1 | H18: =IF(OR(A18="",D18=""),"",D18*G18) -> 1
A19: EX03 | B19: =IF(A19="","",IFERROR(INDEX(Recipes!$B:$B,MATCH(A19,Recipes!$A:$A,0)),"⚠ unknown recipe_id")) -> Ciorbă de perișoare (meatball soup) | C19: Sour cream | D19: 1 | E19: =IF(C19="","",IFERROR(INDEX('Ingredient Catalog'!$C:$C,MATCH(C19,'Ingredient Catalog'!$A:$A,0)),"⚠ not in catalog")) -> cup | F19: to serve | G19: =IF(A19="","",COUNTIFS('Weekly Log'!$A:$A,'Grocery List'!$B$3,'Weekly Log'!$C:$C,A19,'Weekly Log'!$E:$E,"Yes")) -> 1 | H19: =IF(OR(A19="",D19=""),"",D19*G19) -> 1
A20: EX03 | B20: =IF(A20="","",IFERROR(INDEX(Recipes!$B:$B,MATCH(A20,Recipes!$A:$A,0)),"⚠ unknown recipe_id")) -> Ciorbă de perișoare (meatball soup) | C20: Tomato paste | D20: 2 | E20: =IF(C20="","",IFERROR(INDEX('Ingredient Catalog'!$C:$C,MATCH(C20,'Ingredient Catalog'!$A:$A,0)),"⚠ not in catalog")) -> tbsp | G20: =IF(A20="","",COUNTIFS('Weekly Log'!$A:$A,'Grocery List'!$B$3,'Weekly Log'!$C:$C,A20,'Weekly Log'!$E:$E,"Yes")) -> 1 | H20: =IF(OR(A20="",D20=""),"",D20*G20) -> 2
A21: EX05 | B21: =IF(A21="","",IFERROR(INDEX(Recipes!$B:$B,MATCH(A21,Recipes!$A:$A,0)),"⚠ unknown recipe_id")) -> Sheet-pan sausage, peppers & potatoes | C21: Italian sausage | D21: 1.5 | E21: =IF(C21="","",IFERROR(INDEX('Ingredient Catalog'!$C:$C,MATCH(C21,'Ingredient Catalog'!$A:$A,0)),"⚠ not in catalog")) -> lb | G21: =IF(A21="","",COUNTIFS('Weekly Log'!$A:$A,'Grocery List'!$B$3,'Weekly Log'!$C:$C,A21,'Weekly Log'!$E:$E,"Yes")) -> 1 | H21: =IF(OR(A21="",D21=""),"",D21*G21) -> 1.5
A22: EX05 | B22: =IF(A22="","",IFERROR(INDEX(Recipes!$B:$B,MATCH(A22,Recipes!$A:$A,0)),"⚠ unknown recipe_id")) -> Sheet-pan sausage, peppers & potatoes | C22: Bell pepper | D22: 3 | E22: =IF(C22="","",IFERROR(INDEX('Ingredient Catalog'!$C:$C,MATCH(C22,'Ingredient Catalog'!$A:$A,0)),"⚠ not in catalog")) -> each | F22: strips | G22: =IF(A22="","",COUNTIFS('Weekly Log'!$A:$A,'Grocery List'!$B$3,'Weekly Log'!$C:$C,A22,'Weekly Log'!$E:$E,"Yes")) -> 1 | H22: =IF(OR(A22="",D22=""),"",D22*G22) -> 3
A23: EX05 | B23: =IF(A23="","",IFERROR(INDEX(Recipes!$B:$B,MATCH(A23,Recipes!$A:$A,0)),"⚠ unknown recipe_id")) -> Sheet-pan sausage, peppers & potatoes | C23: Onion | D23: 1 | E23: =IF(C23="","",IFERROR(INDEX('Ingredient Catalog'!$C:$C,MATCH(C23,'Ingredient Catalog'!$A:$A,0)),"⚠ not in catalog")) -> each | F23: wedges | G23: =IF(A23="","",COUNTIFS('Weekly Log'!$A:$A,'Grocery List'!$B$3,'Weekly Log'!$C:$C,A23,'Weekly Log'!$E:$E,"Yes")) -> 1 | H23: =IF(OR(A23="",D23=""),"",D23*G23) -> 1
A24: EX05 | B24: =IF(A24="","",IFERROR(INDEX(Recipes!$B:$B,MATCH(A24,Recipes!$A:$A,0)),"⚠ unknown recipe_id")) -> Sheet-pan sausage, peppers & potatoes | C24: Baby potatoes | D24: 1.5 | E24: =IF(C24="","",IFERROR(INDEX('Ingredient Catalog'!$C:$C,MATCH(C24,'Ingredient Catalog'!$A:$A,0)),"⚠ not in catalog")) -> lb | F24: halved | G24: =IF(A24="","",COUNTIFS('Weekly Log'!$A:$A,'Grocery List'!$B$3,'Weekly Log'!$C:$C,A24,'Weekly Log'!$E:$E,"Yes")) -> 1 | H24: =IF(OR(A24="",D24=""),"",D24*G24) -> 1.5
A25: EX05 | B25: =IF(A25="","",IFERROR(INDEX(Recipes!$B:$B,MATCH(A25,Recipes!$A:$A,0)),"⚠ unknown recipe_id")) -> Sheet-pan sausage, peppers & potatoes | C25: Olive oil | D25: 3 | E25: =IF(C25="","",IFERROR(INDEX('Ingredient Catalog'!$C:$C,MATCH(C25,'Ingredient Catalog'!$A:$A,0)),"⚠ not in catalog")) -> tbsp | G25: =IF(A25="","",COUNTIFS('Weekly Log'!$A:$A,'Grocery List'!$B$3,'Weekly Log'!$C:$C,A25,'Weekly Log'!$E:$E,"Yes")) -> 1 | H25: =IF(OR(A25="",D25=""),"",D25*G25) -> 3
A26: EX05 | B26: =IF(A26="","",IFERROR(INDEX(Recipes!$B:$B,MATCH(A26,Recipes!$A:$A,0)),"⚠ unknown recipe_id")) -> Sheet-pan sausage, peppers & potatoes | C26: Garlic | D26: 4 | E26: =IF(C26="","",IFERROR(INDEX('Ingredient Catalog'!$C:$C,MATCH(C26,'Ingredient Catalog'!$A:$A,0)),"⚠ not in catalog")) -> clove | G26: =IF(A26="","",COUNTIFS('Weekly Log'!$A:$A,'Grocery List'!$B$3,'Weekly Log'!$C:$C,A26,'Weekly Log'!$E:$E,"Yes")) -> 1 | H26: =IF(OR(A26="",D26=""),"",D26*G26) -> 4
A27: EX08 | B27: =IF(A27="","",IFERROR(INDEX(Recipes!$B:$B,MATCH(A27,Recipes!$A:$A,0)),"⚠ unknown recipe_id")) -> Chicken papricaș with mămăligă | C27: Chicken thighs | D27: 2 | E27: =IF(C27="","",IFERROR(INDEX('Ingredient Catalog'!$C:$C,MATCH(C27,'Ingredient Catalog'!$A:$A,0)),"⚠ not in catalog")) -> lb | G27: =IF(A27="","",COUNTIFS('Weekly Log'!$A:$A,'Grocery List'!$B$3,'Weekly Log'!$C:$C,A27,'Weekly Log'!$E:$E,"Yes")) -> 1 | H27: =IF(OR(A27="",D27=""),"",D27*G27) -> 2
A28: EX08 | B28: =IF(A28="","",IFERROR(INDEX(Recipes!$B:$B,MATCH(A28,Recipes!$A:$A,0)),"⚠ unknown recipe_id")) -> Chicken papricaș with mămăligă | C28: Onion | D28: 2 | E28: =IF(C28="","",IFERROR(INDEX('Ingredient Catalog'!$C:$C,MATCH(C28,'Ingredient Catalog'!$A:$A,0)),"⚠ not in catalog")) -> each | G28: =IF(A28="","",COUNTIFS('Weekly Log'!$A:$A,'Grocery List'!$B$3,'Weekly Log'!$C:$C,A28,'Weekly Log'!$E:$E,"Yes")) -> 1 | H28: =IF(OR(A28="",D28=""),"",D28*G28) -> 2
A29: EX08 | B29: =IF(A29="","",IFERROR(INDEX(Recipes!$B:$B,MATCH(A29,Recipes!$A:$A,0)),"⚠ unknown recipe_id")) -> Chicken papricaș with mămăligă | C29: Sweet paprika | D29: 2 | E29: =IF(C29="","",IFERROR(INDEX('Ingredient Catalog'!$C:$C,MATCH(C29,'Ingredient Catalog'!$A:$A,0)),"⚠ not in catalog")) -> tbsp | G29: =IF(A29="","",COUNTIFS('Weekly Log'!$A:$A,'Grocery List'!$B$3,'Weekly Log'!$C:$C,A29,'Weekly Log'!$E:$E,"Yes")) -> 1 | H29: =IF(OR(A29="",D29=""),"",D29*G29) -> 2
A30: EX08 | B30: =IF(A30="","",IFERROR(INDEX(Recipes!$B:$B,MATCH(A30,Recipes!$A:$A,0)),"⚠ unknown recipe_id")) -> Chicken papricaș with mămăligă | C30: Sour cream | D30: 1 | E30: =IF(C30="","",IFERROR(INDEX('Ingredient Catalog'!$C:$C,MATCH(C30,'Ingredient Catalog'!$A:$A,0)),"⚠ not in catalog")) -> cup | G30: =IF(A30="","",COUNTIFS('Weekly Log'!$A:$A,'Grocery List'!$B$3,'Weekly Log'!$C:$C,A30,'Weekly Log'!$E:$E,"Yes")) -> 1 | H30: =IF(OR(A30="",D30=""),"",D30*G30) -> 1
A31: EX08 | B31: =IF(A31="","",IFERROR(INDEX(Recipes!$B:$B,MATCH(A31,Recipes!$A:$A,0)),"⚠ unknown recipe_id")) -> Chicken papricaș with mămăligă | C31: Bell pepper | D31: 1 | E31: =IF(C31="","",IFERROR(INDEX('Ingredient Catalog'!$C:$C,MATCH(C31,'Ingredient Catalog'!$A:$A,0)),"⚠ not in catalog")) -> each | G31: =IF(A31="","",COUNTIFS('Weekly Log'!$A:$A,'Grocery List'!$B$3,'Weekly Log'!$C:$C,A31,'Weekly Log'!$E:$E,"Yes")) -> 1 | H31: =IF(OR(A31="",D31=""),"",D31*G31) -> 1
A32: EX08 | B32: =IF(A32="","",IFERROR(INDEX(Recipes!$B:$B,MATCH(A32,Recipes!$A:$A,0)),"⚠ unknown recipe_id")) -> Chicken papricaș with mămăligă | C32: Flour | D32: 2 | E32: =IF(C32="","",IFERROR(INDEX('Ingredient Catalog'!$C:$C,MATCH(C32,'Ingredient Catalog'!$A:$A,0)),"⚠ not in catalog")) -> tbsp | G32: =IF(A32="","",COUNTIFS('Weekly Log'!$A:$A,'Grocery List'!$B$3,'Weekly Log'!$C:$C,A32,'Weekly Log'!$E:$E,"Yes")) -> 1 | H32: =IF(OR(A32="",D32=""),"",D32*G32) -> 2
A33: EX08 | B33: =IF(A33="","",IFERROR(INDEX(Recipes!$B:$B,MATCH(A33,Recipes!$A:$A,0)),"⚠ unknown recipe_id")) -> Chicken papricaș with mămăligă | C33: Cornmeal (mălai) | D33: 1.5 | E33: =IF(C33="","",IFERROR(INDEX('Ingredient Catalog'!$C:$C,MATCH(C33,'Ingredient Catalog'!$A:$A,0)),"⚠ not in catalog")) -> cup | G33: =IF(A33="","",COUNTIFS('Weekly Log'!$A:$A,'Grocery List'!$B$3,'Weekly Log'!$C:$C,A33,'Weekly Log'!$E:$E,"Yes")) -> 1 | H33: =IF(OR(A33="",D33=""),"",D33*G33) -> 1.5
A34: EX08 | B34: =IF(A34="","",IFERROR(INDEX(Recipes!$B:$B,MATCH(A34,Recipes!$A:$A,0)),"⚠ unknown recipe_id")) -> Chicken papricaș with mămăligă | C34: Salt | E34: =IF(C34="","",IFERROR(INDEX('Ingredient Catalog'!$C:$C,MATCH(C34,'Ingredient Catalog'!$A:$A,0)),"⚠ not in catalog")) -> to taste | G34: =IF(A34="","",COUNTIFS('Weekly Log'!$A:$A,'Grocery List'!$B$3,'Weekly Log'!$C:$C,A34,'Weekly Log'!$E:$E,"Yes")) -> 1 | H34: =IF(OR(A34="",D34=""),"",D34*G34)
A35: EX07 | B35: =IF(A35="","",IFERROR(INDEX(Recipes!$B:$B,MATCH(A35,Recipes!$A:$A,0)),"⚠ unknown recipe_id")) -> Tomato egg stir-fry | C35: Egg | D35: 4 | E35: =IF(C35="","",IFERROR(INDEX('Ingredient Catalog'!$C:$C,MATCH(C35,'Ingredient Catalog'!$A:$A,0)),"⚠ not in catalog")) -> each | G35: =IF(A35="","",COUNTIFS('Weekly Log'!$A:$A,'Grocery List'!$B$3,'Weekly Log'!$C:$C,A35,'Weekly Log'!$E:$E,"Yes")) -> 0 | H35: =IF(OR(A35="",D35=""),"",D35*G35) -> 0
A36: EX07 | B36: =IF(A36="","",IFERROR(INDEX(Recipes!$B:$B,MATCH(A36,Recipes!$A:$A,0)),"⚠ unknown recipe_id")) -> Tomato egg stir-fry | C36: Scallions | D36: 1 | E36: =IF(C36="","",IFERROR(INDEX('Ingredient Catalog'!$C:$C,MATCH(C36,'Ingredient Catalog'!$A:$A,0)),"⚠ not in catalog")) -> bunch | G36: =IF(A36="","",COUNTIFS('Weekly Log'!$A:$A,'Grocery List'!$B$3,'Weekly Log'!$C:$C,A36,'Weekly Log'!$E:$E,"Yes")) -> 0 | H36: =IF(OR(A36="",D36=""),"",D36*G36) -> 0
B37: =IF(A37="","",IFERROR(INDEX(Recipes!$B:$B,MATCH(A37,Recipes!$A:$A,0)),"⚠ unknown recipe_id")) | E37: =IF(C37="","",IFERROR(INDEX('Ingredient Catalog'!$C:$C,MATCH(C37,'Ingredient Catalog'!$A:$A,0)),"⚠ not in catalog")) | G37: =IF(A37="","",COUNTIFS('Weekly Log'!$A:$A,'Grocery List'!$B$3,'Weekly Log'!$C:$C,A37,'Weekly Log'!$E:$E,"Yes")) | H37: =IF(OR(A37="",D37=""),"",D37*G37)
B38: =IF(A38="","",IFERROR(INDEX(Recipes!$B:$B,MATCH(A38,Recipes!$A:$A,0)),"⚠ unknown recipe_id")) | E38: =IF(C38="","",IFERROR(INDEX('Ingredient Catalog'!$C:$C,MATCH(C38,'Ingredient Catalog'!$A:$A,0)),"⚠ not in catalog")) | G38: =IF(A38="","",COUNTIFS('Weekly Log'!$A:$A,'Grocery List'!$B$3,'Weekly Log'!$C:$C,A38,'Weekly Log'!$E:$E,"Yes")) | H38: =IF(OR(A38="",D38=""),"",D38*G38)
B39: =IF(A39="","",IFERROR(INDEX(Recipes!$B:$B,MATCH(A39,Recipes!$A:$A,0)),"⚠ unknown recipe_id")) | E39: =IF(C39="","",IFERROR(INDEX('Ingredient Catalog'!$C:$C,MATCH(C39,'Ingredient Catalog'!$A:$A,0)),"⚠ not in catalog")) | G39: =IF(A39="","",COUNTIFS('Weekly Log'!$A:$A,'Grocery List'!$B$3,'Weekly Log'!$C:$C,A39,'Weekly Log'!$E:$E,"Yes")) | H39: =IF(OR(A39="",D39=""),"",D39*G39)
B40: =IF(A40="","",IFERROR(INDEX(Recipes!$B:$B,MATCH(A40,Recipes!$A:$A,0)),"⚠ unknown recipe_id")) | E40: =IF(C40="","",IFERROR(INDEX('Ingredient Catalog'!$C:$C,MATCH(C40,'Ingredient Catalog'!$A:$A,0)),"⚠ not in catalog")) | G40: =IF(A40="","",COUNTIFS('Weekly Log'!$A:$A,'Grocery List'!$B$3,'Weekly Log'!$C:$C,A40,'Weekly Log'!$E:$E,"Yes")) | H40: =IF(OR(A40="",D40=""),"",D40*G40)
B41: =IF(A41="","",IFERROR(INDEX(Recipes!$B:$B,MATCH(A41,Recipes!$A:$A,0)),"⚠ unknown recipe_id")) | E41: =IF(C41="","",IFERROR(INDEX('Ingredient Catalog'!$C:$C,MATCH(C41,'Ingredient Catalog'!$A:$A,0)),"⚠ not in catalog")) | G41: =IF(A41="","",COUNTIFS('Weekly Log'!$A:$A,'Grocery List'!$B$3,'Weekly Log'!$C:$C,A41,'Weekly Log'!$E:$E,"Yes")) | H41: =IF(OR(A41="",D41=""),"",D41*G41)
B42: =IF(A42="","",IFERROR(INDEX(Recipes!$B:$B,MATCH(A42,Recipes!$A:$A,0)),"⚠ unknown recipe_id")) | E42: =IF(C42="","",IFERROR(INDEX('Ingredient Catalog'!$C:$C,MATCH(C42,'Ingredient Catalog'!$A:$A,0)),"⚠ not in catalog")) | G42: =IF(A42="","",COUNTIFS('Weekly Log'!$A:$A,'Grocery List'!$B$3,'Weekly Log'!$C:$C,A42,'Weekly Log'!$E:$E,"Yes")) | H42: =IF(OR(A42="",D42=""),"",D42*G42)
B43: =IF(A43="","",IFERROR(INDEX(Recipes!$B:$B,MATCH(A43,Recipes!$A:$A,0)),"⚠ unknown recipe_id")) | E43: =IF(C43="","",IFERROR(INDEX('Ingredient Catalog'!$C:$C,MATCH(C43,'Ingredient Catalog'!$A:$A,0)),"⚠ not in catalog")) | G43: =IF(A43="","",COUNTIFS('Weekly Log'!$A:$A,'Grocery List'!$B$3,'Weekly Log'!$C:$C,A43,'Weekly Log'!$E:$E,"Yes")) | H43: =IF(OR(A43="",D43=""),"",D43*G43)
B44: =IF(A44="","",IFERROR(INDEX(Recipes!$B:$B,MATCH(A44,Recipes!$A:$A,0)),"⚠ unknown recipe_id")) | E44: =IF(C44="","",IFERROR(INDEX('Ingredient Catalog'!$C:$C,MATCH(C44,'Ingredient Catalog'!$A:$A,0)),"⚠ not in catalog")) | G44: =IF(A44="","",COUNTIFS('Weekly Log'!$A:$A,'Grocery List'!$B$3,'Weekly Log'!$C:$C,A44,'Weekly Log'!$E:$E,"Yes")) | H44: =IF(OR(A44="",D44=""),"",D44*G44)
B45: =IF(A45="","",IFERROR(INDEX(Recipes!$B:$B,MATCH(A45,Recipes!$A:$A,0)),"⚠ unknown recipe_id")) | E45: =IF(C45="","",IFERROR(INDEX('Ingredient Catalog'!$C:$C,MATCH(C45,'Ingredient Catalog'!$A:$A,0)),"⚠ not in catalog")) | G45: =IF(A45="","",COUNTIFS('Weekly Log'!$A:$A,'Grocery List'!$B$3,'Weekly Log'!$C:$C,A45,'Weekly Log'!$E:$E,"Yes")) | H45: =IF(OR(A45="",D45=""),"",D45*G45)
B46: =IF(A46="","",IFERROR(INDEX(Recipes!$B:$B,MATCH(A46,Recipes!$A:$A,0)),"⚠ unknown recipe_id")) | E46: =IF(C46="","",IFERROR(INDEX('Ingredient Catalog'!$C:$C,MATCH(C46,'Ingredient Catalog'!$A:$A,0)),"⚠ not in catalog")) | G46: =IF(A46="","",COUNTIFS('Weekly Log'!$A:$A,'Grocery List'!$B$3,'Weekly Log'!$C:$C,A46,'Weekly Log'!$E:$E,"Yes")) | H46: =IF(OR(A46="",D46=""),"",D46*G46)
B47: =IF(A47="","",IFERROR(INDEX(Recipes!$B:$B,MATCH(A47,Recipes!$A:$A,0)),"⚠ unknown recipe_id")) | E47: =IF(C47="","",IFERROR(INDEX('Ingredient Catalog'!$C:$C,MATCH(C47,'Ingredient Catalog'!$A:$A,0)),"⚠ not in catalog")) | G47: =IF(A47="","",COUNTIFS('Weekly Log'!$A:$A,'Grocery List'!$B$3,'Weekly Log'!$C:$C,A47,'Weekly Log'!$E:$E,"Yes")) | H47: =IF(OR(A47="",D47=""),"",D47*G47)
B48: =IF(A48="","",IFERROR(INDEX(Recipes!$B:$B,MATCH(A48,Recipes!$A:$A,0)),"⚠ unknown recipe_id")) | E48: =IF(C48="","",IFERROR(INDEX('Ingredient Catalog'!$C:$C,MATCH(C48,'Ingredient Catalog'!$A:$A,0)),"⚠ not in catalog")) | G48: =IF(A48="","",COUNTIFS('Weekly Log'!$A:$A,'Grocery List'!$B$3,'Weekly Log'!$C:$C,A48,'Weekly Log'!$E:$E,"Yes")) | H48: =IF(OR(A48="",D48=""),"",D48*G48)
... B3003: =IF(A3003="","",IFERROR(INDEX(Recipes!$B:$B,MATCH(A3003,Recipes!$A:$A,0)),"⚠ unknown recipe_id")) | E3003: =IF(C3003="","",IFERROR(INDEX('Ingredient Catalog'!$C:$C,MATCH(C3003,'Ingredient Catalog'!$A:$A,0)),"⚠ not in catalog")) | G3003: =IF(A3003="","",COUNTIFS('Weekly Log'!$A:$A,'Grocery List'!$B$3,'Weekly Log'!$C:$C,A3003,'Weekly Log'!$E:$E,"Yes")) | H3003: =IF(OR(A3003="",D3003=""),"",D3003*G3003)

Sheet Grocery List
A1: Grocery List
A3: Week of | B3: =MAX('Weekly Log'!$A:$A) -> 46313 | C3: ← defaults to the latest week in the log; type a date here to see an older week
A5: This week's picks
A6: Slot | B6: Recipe
A7: =IFERROR(INDEX('Weekly Log'!$B:$B,MATCH(1,'Weekly Log'!$L:$L,0)),"") -> Lunch 1 | B7: =IFERROR(INDEX('Weekly Log'!$D:$D,MATCH(1,'Weekly Log'!$L:$L,0)),"") -> Cold sesame noodles with cucumber
A8: =IFERROR(INDEX('Weekly Log'!$B:$B,MATCH(2,'Weekly Log'!$L:$L,0)),"") -> Lunch 2 | B8: =IFERROR(INDEX('Weekly Log'!$D:$D,MATCH(2,'Weekly Log'!$L:$L,0)),"") -> Ciorbă de perișoare (meatball soup)
A9: =IFERROR(INDEX('Weekly Log'!$B:$B,MATCH(3,'Weekly Log'!$L:$L,0)),"") -> Dinner 1 | B9: =IFERROR(INDEX('Weekly Log'!$D:$D,MATCH(3,'Weekly Log'!$L:$L,0)),"") -> Sheet-pan sausage, peppers & potatoes
A10: =IFERROR(INDEX('Weekly Log'!$B:$B,MATCH(4,'Weekly Log'!$L:$L,0)),"") -> Dinner 2 | B10: =IFERROR(INDEX('Weekly Log'!$D:$D,MATCH(4,'Weekly Log'!$L:$L,0)),"") -> Chicken papricaș with mămăligă
A11: =IFERROR(INDEX('Weekly Log'!$B:$B,MATCH(5,'Weekly Log'!$L:$L,0)),"") | B11: =IFERROR(INDEX('Weekly Log'!$D:$D,MATCH(5,'Weekly Log'!$L:$L,0)),"")
A12: =IFERROR(INDEX('Weekly Log'!$B:$B,MATCH(6,'Weekly Log'!$L:$L,0)),"") | B12: =IFERROR(INDEX('Weekly Log'!$D:$D,MATCH(6,'Weekly Log'!$L:$L,0)),"")
A13: =IFERROR(INDEX('Weekly Log'!$B:$B,MATCH(7,'Weekly Log'!$L:$L,0)),"") | B13: =IFERROR(INDEX('Weekly Log'!$D:$D,MATCH(7,'Weekly Log'!$L:$L,0)),"")
A14: =IFERROR(INDEX('Weekly Log'!$B:$B,MATCH(8,'Weekly Log'!$L:$L,0)),"") | B14: =IFERROR(INDEX('Weekly Log'!$D:$D,MATCH(8,'Weekly Log'!$L:$L,0)),"")
A16: Shopping list (by aisle, pantry staples last — cross off what you already have)
A17: ✓ | B17: Ingredient | C17: Qty | D17: Unit | E17: Aisle | F17: Pantry? | G17: Where / notes
B18: =IFERROR(INDEX('Ingredient Catalog'!$A:$A,MATCH(1,'Ingredient Catalog'!$J:$J,0)),"") -> Cucumber | C18: =IFERROR(IF(INDEX('Ingredient Catalog'!$H:$H,MATCH(1,'Ingredient Catalog'!$J:$J,0))=0,"",INDEX('Ingredient Catalog'!$H:$H,MATCH(1,'Ingredient Catalog'!$J:$J,0))),"") -> 2 | D18: =IFERROR(INDEX('Ingredient Catalog'!$C:$C,MATCH(1,'Ingredient Catalog'!$J:$J,0)),"") -> each | E18: =IFERROR(INDEX('Ingredient Catalog'!$B:$B,MATCH(1,'Ingredient Catalog'!$J:$J,0)),"") -> Produce | F18: =IFERROR(IF(INDEX('Ingredient Catalog'!$D:$D,MATCH(1,'Ingredient Catalog'!$J:$J,0))="Yes","Check pantry",""),"") | G18: =IFERROR(IF(INDEX('Ingredient Catalog'!$E:$E,MATCH(1,'Ingredient Catalog'!$J:$J,0))=0,"",INDEX('Ingredient Catalog'!$E:$E,MATCH(1,'Ingredient Catalog'!$J:$J,0))),"")
B19: =IFERROR(INDEX('Ingredient Catalog'!$A:$A,MATCH(2,'Ingredient Catalog'!$J:$J,0)),"") -> Garlic | C19: =IFERROR(IF(INDEX('Ingredient Catalog'!$H:$H,MATCH(2,'Ingredient Catalog'!$J:$J,0))=0,"",INDEX('Ingredient Catalog'!$H:$H,MATCH(2,'Ingredient Catalog'!$J:$J,0))),"") -> 7 | D19: =IFERROR(INDEX('Ingredient Catalog'!$C:$C,MATCH(2,'Ingredient Catalog'!$J:$J,0)),"") -> clove | E19: =IFERROR(INDEX('Ingredient Catalog'!$B:$B,MATCH(2,'Ingredient Catalog'!$J:$J,0)),"") -> Produce | F19: =IFERROR(IF(INDEX('Ingredient Catalog'!$D:$D,MATCH(2,'Ingredient Catalog'!$J:$J,0))="Yes","Check pantry",""),"") | G19: =IFERROR(IF(INDEX('Ingredient Catalog'!$E:$E,MATCH(2,'Ingredient Catalog'!$J:$J,0))=0,"",INDEX('Ingredient Catalog'!$E:$E,MATCH(2,'Ingredient Catalog'!$J:$J,0))),"")
B20: =IFERROR(INDEX('Ingredient Catalog'!$A:$A,MATCH(3,'Ingredient Catalog'!$J:$J,0)),"") -> Scallions | C20: =IFERROR(IF(INDEX('Ingredient Catalog'!$H:$H,MATCH(3,'Ingredient Catalog'!$J:$J,0))=0,"",INDEX('Ingredient Catalog'!$H:$H,MATCH(3,'Ingredient Catalog'!$J:$J,0))),"") -> 1 | D20: =IFERROR(INDEX('Ingredient Catalog'!$C:$C,MATCH(3,'Ingredient Catalog'!$J:$J,0)),"") -> bunch | E20: =IFERROR(INDEX('Ingredient Catalog'!$B:$B,MATCH(3,'Ingredient Catalog'!$J:$J,0)),"") -> Produce | F20: =IFERROR(IF(INDEX('Ingredient Catalog'!$D:$D,MATCH(3,'Ingredient Catalog'!$J:$J,0))="Yes","Check pantry",""),"") | G20: =IFERROR(IF(INDEX('Ingredient Catalog'!$E:$E,MATCH(3,'Ingredient Catalog'!$J:$J,0))=0,"",INDEX('Ingredient Catalog'!$E:$E,MATCH(3,'Ingredient Catalog'!$J:$J,0))),"")
B21: =IFERROR(INDEX('Ingredient Catalog'!$A:$A,MATCH(4,'Ingredient Catalog'!$J:$J,0)),"") -> Onion | C21: =IFERROR(IF(INDEX('Ingredient Catalog'!$H:$H,MATCH(4,'Ingredient Catalog'!$J:$J,0))=0,"",INDEX('Ingredient Catalog'!$H:$H,MATCH(4,'Ingredient Catalog'!$J:$J,0))),"") -> 4 | D21: =IFERROR(INDEX('Ingredient Catalog'!$C:$C,MATCH(4,'Ingredient Catalog'!$J:$J,0)),"") -> each | E21: =IFERROR(INDEX('Ingredient Catalog'!$B:$B,MATCH(4,'Ingredient Catalog'!$J:$J,0)),"") -> Produce | F21: =IFERROR(IF(INDEX('Ingredient Catalog'!$D:$D,MATCH(4,'Ingredient Catalog'!$J:$J,0))="Yes","Check pantry",""),"") | G21: =IFERROR(IF(INDEX('Ingredient Catalog'!$E:$E,MATCH(4,'Ingredient Catalog'!$J:$J,0))=0,"",INDEX('Ingredient Catalog'!$E:$E,MATCH(4,'Ingredient Catalog'!$J:$J,0))),"")
B22: =IFERROR(INDEX('Ingredient Catalog'!$A:$A,MATCH(5,'Ingredient Catalog'!$J:$J,0)),"") -> Carrot | C22: =IFERROR(IF(INDEX('Ingredient Catalog'!$H:$H,MATCH(5,'Ingredient Catalog'!$J:$J,0))=0,"",INDEX('Ingredient Catalog'!$H:$H,MATCH(5,'Ingredient Catalog'!$J:$J,0))),"") -> 2 | D22: =IFERROR(INDEX('Ingredient Catalog'!$C:$C,MATCH(5,'Ingredient Catalog'!$J:$J,0)),"") -> each | E22: =IFERROR(INDEX('Ingredient Catalog'!$B:$B,MATCH(5,'Ingredient Catalog'!$J:$J,0)),"") -> Produce | F22: =IFERROR(IF(INDEX('Ingredient Catalog'!$D:$D,MATCH(5,'Ingredient Catalog'!$J:$J,0))="Yes","Check pantry",""),"") | G22: =IFERROR(IF(INDEX('Ingredient Catalog'!$E:$E,MATCH(5,'Ingredient Catalog'!$J:$J,0))=0,"",INDEX('Ingredient Catalog'!$E:$E,MATCH(5,'Ingredient Catalog'!$J:$J,0))),"")
B23: =IFERROR(INDEX('Ingredient Catalog'!$A:$A,MATCH(6,'Ingredient Catalog'!$J:$J,0)),"") -> Lovage (leuștean) | C23: =IFERROR(IF(INDEX('Ingredient Catalog'!$H:$H,MATCH(6,'Ingredient Catalog'!$J:$J,0))=0,"",INDEX('Ingredient Catalog'!$H:$H,MATCH(6,'Ingredient Catalog'!$J:$J,0))),"") -> 1 | D23: =IFERROR(INDEX('Ingredient Catalog'!$C:$C,MATCH(6,'Ingredient Catalog'!$J:$J,0)),"") -> bunch | E23: =IFERROR(INDEX('Ingredient Catalog'!$B:$B,MATCH(6,'Ingredient Catalog'!$J:$J,0)),"") -> Produce | F23: =IFERROR(IF(INDEX('Ingredient Catalog'!$D:$D,MATCH(6,'Ingredient Catalog'!$J:$J,0))="Yes","Check pantry",""),"") | G23: =IFERROR(IF(INDEX('Ingredient Catalog'!$E:$E,MATCH(6,'Ingredient Catalog'!$J:$J,0))=0,"",INDEX('Ingredient Catalog'!$E:$E,MATCH(6,'Ingredient Catalog'!$J:$J,0))),"") -> Romanian/Polish deli
B24: =IFERROR(INDEX('Ingredient Catalog'!$A:$A,MATCH(7,'Ingredient Catalog'!$J:$J,0)),"") -> Bell pepper | C24: =IFERROR(IF(INDEX('Ingredient Catalog'!$H:$H,MATCH(7,'Ingredient Catalog'!$J:$J,0))=0,"",INDEX('Ingredient Catalog'!$H:$H,MATCH(7,'Ingredient Catalog'!$J:$J,0))),"") -> 4 | D24: =IFERROR(INDEX('Ingredient Catalog'!$C:$C,MATCH(7,'Ingredient Catalog'!$J:$J,0)),"") -> each | E24: =IFERROR(INDEX('Ingredient Catalog'!$B:$B,MATCH(7,'Ingredient Catalog'!$J:$J,0)),"") -> Produce | F24: =IFERROR(IF(INDEX('Ingredient Catalog'!$D:$D,MATCH(7,'Ingredient Catalog'!$J:$J,0))="Yes","Check pantry",""),"") | G24: =IFERROR(IF(INDEX('Ingredient Catalog'!$E:$E,MATCH(7,'Ingredient Catalog'!$J:$J,0))=0,"",INDEX('Ingredient Catalog'!$E:$E,MATCH(7,'Ingredient Catalog'!$J:$J,0))),"")
B25: =IFERROR(INDEX('Ingredient Catalog'!$A:$A,MATCH(8,'Ingredient Catalog'!$J:$J,0)),"") -> Baby potatoes | C25: =IFERROR(IF(INDEX('Ingredient Catalog'!$H:$H,MATCH(8,'Ingredient Catalog'!$J:$J,0))=0,"",INDEX('Ingredient Catalog'!$H:$H,MATCH(8,'Ingredient Catalog'!$J:$J,0))),"") -> 1.5 | D25: =IFERROR(INDEX('Ingredient Catalog'!$C:$C,MATCH(8,'Ingredient Catalog'!$J:$J,0)),"") -> lb | E25: =IFERROR(INDEX('Ingredient Catalog'!$B:$B,MATCH(8,'Ingredient Catalog'!$J:$J,0)),"") -> Produce | F25: =IFERROR(IF(INDEX('Ingredient Catalog'!$D:$D,MATCH(8,'Ingredient Catalog'!$J:$J,0))="Yes","Check pantry",""),"") | G25: =IFERROR(IF(INDEX('Ingredient Catalog'!$E:$E,MATCH(8,'Ingredient Catalog'!$J:$J,0))=0,"",INDEX('Ingredient Catalog'!$E:$E,MATCH(8,'Ingredient Catalog'!$J:$J,0))),"")
B26: =IFERROR(INDEX('Ingredient Catalog'!$A:$A,MATCH(9,'Ingredient Catalog'!$J:$J,0)),"") -> Ground pork | C26: =IFERROR(IF(INDEX('Ingredient Catalog'!$H:$H,MATCH(9,'Ingredient Catalog'!$J:$J,0))=0,"",INDEX('Ingredient Catalog'!$H:$H,MATCH(9,'Ingredient Catalog'!$J:$J,0))),"") -> 1 | D26: =IFERROR(INDEX('Ingredient Catalog'!$C:$C,MATCH(9,'Ingredient Catalog'!$J:$J,0)),"") -> lb | E26: =IFERROR(INDEX('Ingredient Catalog'!$B:$B,MATCH(9,'Ingredient Catalog'!$J:$J,0)),"") -> Meat & Fish | F26: =IFERROR(IF(INDEX('Ingredient Catalog'!$D:$D,MATCH(9,'Ingredient Catalog'!$J:$J,0))="Yes","Check pantry",""),"") | G26: =IFERROR(IF(INDEX('Ingredient Catalog'!$E:$E,MATCH(9,'Ingredient Catalog'!$J:$J,0))=0,"",INDEX('Ingredient Catalog'!$E:$E,MATCH(9,'Ingredient Catalog'!$J:$J,0))),"")
B27: =IFERROR(INDEX('Ingredient Catalog'!$A:$A,MATCH(10,'Ingredient Catalog'!$J:$J,0)),"") -> Italian sausage | C27: =IFERROR(IF(INDEX('Ingredient Catalog'!$H:$H,MATCH(10,'Ingredient Catalog'!$J:$J,0))=0,"",INDEX('Ingredient Catalog'!$H:$H,MATCH(10,'Ingredient Catalog'!$J:$J,0))),"") -> 1.5 | D27: =IFERROR(INDEX('Ingredient Catalog'!$C:$C,MATCH(10,'Ingredient Catalog'!$J:$J,0)),"") -> lb | E27: =IFERROR(INDEX('Ingredient Catalog'!$B:$B,MATCH(10,'Ingredient Catalog'!$J:$J,0)),"") -> Meat & Fish | F27: =IFERROR(IF(INDEX('Ingredient Catalog'!$D:$D,MATCH(10,'Ingredient Catalog'!$J:$J,0))="Yes","Check pantry",""),"") | G27: =IFERROR(IF(INDEX('Ingredient Catalog'!$E:$E,MATCH(10,'Ingredient Catalog'!$J:$J,0))=0,"",INDEX('Ingredient Catalog'!$E:$E,MATCH(10,'Ingredient Catalog'!$J:$J,0))),"")
B28: =IFERROR(INDEX('Ingredient Catalog'!$A:$A,MATCH(11,'Ingredient Catalog'!$J:$J,0)),"") -> Chicken thighs | C28: =IFERROR(IF(INDEX('Ingredient Catalog'!$H:$H,MATCH(11,'Ingredient Catalog'!$J:$J,0))=0,"",INDEX('Ingredient Catalog'!$H:$H,MATCH(11,'Ingredient Catalog'!$J:$J,0))),"") -> 2 | D28: =IFERROR(INDEX('Ingredient Catalog'!$C:$C,MATCH(11,'Ingredient Catalog'!$J:$J,0)),"") -> lb | E28: =IFERROR(INDEX('Ingredient Catalog'!$B:$B,MATCH(11,'Ingredient Catalog'!$J:$J,0)),"") -> Meat & Fish | F28: =IFERROR(IF(INDEX('Ingredient Catalog'!$D:$D,MATCH(11,'Ingredient Catalog'!$J:$J,0))="Yes","Check pantry",""),"") | G28: =IFERROR(IF(INDEX('Ingredient Catalog'!$E:$E,MATCH(11,'Ingredient Catalog'!$J:$J,0))=0,"",INDEX('Ingredient Catalog'!$E:$E,MATCH(11,'Ingredient Catalog'!$J:$J,0))),"")
B29: =IFERROR(INDEX('Ingredient Catalog'!$A:$A,MATCH(12,'Ingredient Catalog'!$J:$J,0)),"") -> Egg | C29: =IFERROR(IF(INDEX('Ingredient Catalog'!$H:$H,MATCH(12,'Ingredient Catalog'!$J:$J,0))=0,"",INDEX('Ingredient Catalog'!$H:$H,MATCH(12,'Ingredient Catalog'!$J:$J,0))),"") -> 1 | D29: =IFERROR(INDEX('Ingredient Catalog'!$C:$C,MATCH(12,'Ingredient Catalog'!$J:$J,0)),"") -> each | E29: =IFERROR(INDEX('Ingredient Catalog'!$B:$B,MATCH(12,'Ingredient Catalog'!$J:$J,0)),"") -> Dairy & Eggs | F29: =IFERROR(IF(INDEX('Ingredient Catalog'!$D:$D,MATCH(12,'Ingredient Catalog'!$J:$J,0))="Yes","Check pantry",""),"") | G29: =IFERROR(IF(INDEX('Ingredient Catalog'!$E:$E,MATCH(12,'Ingredient Catalog'!$J:$J,0))=0,"",INDEX('Ingredient Catalog'!$E:$E,MATCH(12,'Ingredient Catalog'!$J:$J,0))),"")
B30: =IFERROR(INDEX('Ingredient Catalog'!$A:$A,MATCH(13,'Ingredient Catalog'!$J:$J,0)),"") -> Sour cream | C30: =IFERROR(IF(INDEX('Ingredient Catalog'!$H:$H,MATCH(13,'Ingredient Catalog'!$J:$J,0))=0,"",INDEX('Ingredient Catalog'!$H:$H,MATCH(13,'Ingredient Catalog'!$J:$J,0))),"") -> 2 | D30: =IFERROR(INDEX('Ingredient Catalog'!$C:$C,MATCH(13,'Ingredient Catalog'!$J:$J,0)),"") -> cup | E30: =IFERROR(INDEX('Ingredient Catalog'!$B:$B,MATCH(13,'Ingredient Catalog'!$J:$J,0)),"") -> Dairy & Eggs | F30: =IFERROR(IF(INDEX('Ingredient Catalog'!$D:$D,MATCH(13,'Ingredient Catalog'!$J:$J,0))="Yes","Check pantry",""),"") | G30: =IFERROR(IF(INDEX('Ingredient Catalog'!$E:$E,MATCH(13,'Ingredient Catalog'!$J:$J,0))=0,"",INDEX('Ingredient Catalog'!$E:$E,MATCH(13,'Ingredient Catalog'!$J:$J,0))),"")
B31: =IFERROR(INDEX('Ingredient Catalog'!$A:$A,MATCH(14,'Ingredient Catalog'!$J:$J,0)),"") -> Wheat noodles | C31: =IFERROR(IF(INDEX('Ingredient Catalog'!$H:$H,MATCH(14,'Ingredient Catalog'!$J:$J,0))=0,"",INDEX('Ingredient Catalog'!$H:$H,MATCH(14,'Ingredient Catalog'!$J:$J,0))),"") -> 1 | D31: =IFERROR(INDEX('Ingredient Catalog'!$C:$C,MATCH(14,'Ingredient Catalog'!$J:$J,0)),"") -> lb | E31: =IFERROR(INDEX('Ingredient Catalog'!$B:$B,MATCH(14,'Ingredient Catalog'!$J:$J,0)),"") -> Grains & Noodles | F31: =IFERROR(IF(INDEX('Ingredient Catalog'!$D:$D,MATCH(14,'Ingredient Catalog'!$J:$J,0))="Yes","Check pantry",""),"") | G31: =IFERROR(IF(INDEX('Ingredient Catalog'!$E:$E,MATCH(14,'Ingredient Catalog'!$J:$J,0))=0,"",INDEX('Ingredient Catalog'!$E:$E,MATCH(14,'Ingredient Catalog'!$J:$J,0))),"") -> H Mart
B32: =IFERROR(INDEX('Ingredient Catalog'!$A:$A,MATCH(15,'Ingredient Catalog'!$J:$J,0)),"") -> Borș | C32: =IFERROR(IF(INDEX('Ingredient Catalog'!$H:$H,MATCH(15,'Ingredient Catalog'!$J:$J,0))=0,"",INDEX('Ingredient Catalog'!$H:$H,MATCH(15,'Ingredient Catalog'!$J:$J,0))),"") -> 2 | D32: =IFERROR(INDEX('Ingredient Catalog'!$C:$C,MATCH(15,'Ingredient Catalog'!$J:$J,0)),"") -> cup | E32: =IFERROR(INDEX('Ingredient Catalog'!$B:$B,MATCH(15,'Ingredient Catalog'!$J:$J,0)),"") -> Eastern European | F32: =IFERROR(IF(INDEX('Ingredient Catalog'!$D:$D,MATCH(15,'Ingredient Catalog'!$J:$J,0))="Yes","Check pantry",""),"") | G32: =IFERROR(IF(INDEX('Ingredient Catalog'!$E:$E,MATCH(15,'Ingredient Catalog'!$J:$J,0))=0,"",INDEX('Ingredient Catalog'!$E:$E,MATCH(15,'Ingredient Catalog'!$J:$J,0))),"") -> Romanian/Polish deli
B33: =IFERROR(INDEX('Ingredient Catalog'!$A:$A,MATCH(16,'Ingredient Catalog'!$J:$J,0)),"") -> Rice | C33: =IFERROR(IF(INDEX('Ingredient Catalog'!$H:$H,MATCH(16,'Ingredient Catalog'!$J:$J,0))=0,"",INDEX('Ingredient Catalog'!$H:$H,MATCH(16,'Ingredient Catalog'!$J:$J,0))),"") -> 0.33 | D33: =IFERROR(INDEX('Ingredient Catalog'!$C:$C,MATCH(16,'Ingredient Catalog'!$J:$J,0)),"") -> cup | E33: =IFERROR(INDEX('Ingredient Catalog'!$B:$B,MATCH(16,'Ingredient Catalog'!$J:$J,0)),"") -> Grains & Noodles | F33: =IFERROR(IF(INDEX('Ingredient Catalog'!$D:$D,MATCH(16,'Ingredient Catalog'!$J:$J,0))="Yes","Check pantry",""),"") -> Check pantry | G33: =IFERROR(IF(INDEX('Ingredient Catalog'!$E:$E,MATCH(16,'Ingredient Catalog'!$J:$J,0))=0,"",INDEX('Ingredient Catalog'!$E:$E,MATCH(16,'Ingredient Catalog'!$J:$J,0))),"")
B34: =IFERROR(INDEX('Ingredient Catalog'!$A:$A,MATCH(17,'Ingredient Catalog'!$J:$J,0)),"") -> Cornmeal (mălai) | C34: =IFERROR(IF(INDEX('Ingredient Catalog'!$H:$H,MATCH(17,'Ingredient Catalog'!$J:$J,0))=0,"",INDEX('Ingredient Catalog'!$H:$H,MATCH(17,'Ingredient Catalog'!$J:$J,0))),"") -> 1.5 | D34: =IFERROR(INDEX('Ingredient Catalog'!$C:$C,MATCH(17,'Ingredient Catalog'!$J:$J,0)),"") -> cup | E34: =IFERROR(INDEX('Ingredient Catalog'!$B:$B,MATCH(17,'Ingredient Catalog'!$J:$J,0)),"") -> Grains & Noodles | F34: =IFERROR(IF(INDEX('Ingredient Catalog'!$D:$D,MATCH(17,'Ingredient Catalog'!$J:$J,0))="Yes","Check pantry",""),"") -> Check pantry | G34: =IFERROR(IF(INDEX('Ingredient Catalog'!$E:$E,MATCH(17,'Ingredient Catalog'!$J:$J,0))=0,"",INDEX('Ingredient Catalog'!$E:$E,MATCH(17,'Ingredient Catalog'!$J:$J,0))),"")
B35: =IFERROR(INDEX('Ingredient Catalog'!$A:$A,MATCH(18,'Ingredient Catalog'!$J:$J,0)),"") -> Tomato paste | C35: =IFERROR(IF(INDEX('Ingredient Catalog'!$H:$H,MATCH(18,'Ingredient Catalog'!$J:$J,0))=0,"",INDEX('Ingredient Catalog'!$H:$H,MATCH(18,'Ingredient Catalog'!$J:$J,0))),"") -> 2 | D35: =IFERROR(INDEX('Ingredient Catalog'!$C:$C,MATCH(18,'Ingredient Catalog'!$J:$J,0)),"") -> tbsp | E35: =IFERROR(INDEX('Ingredient Catalog'!$B:$B,MATCH(18,'Ingredient Catalog'!$J:$J,0)),"") -> Canned & Jarred | F35: =IFERROR(IF(INDEX('Ingredient Catalog'!$D:$D,MATCH(18,'Ingredient Catalog'!$J:$J,0))="Yes","Check pantry",""),"") -> Check pantry | G35: =IFERROR(IF(INDEX('Ingredient Catalog'!$E:$E,MATCH(18,'Ingredient Catalog'!$J:$J,0))=0,"",INDEX('Ingredient Catalog'!$E:$E,MATCH(18,'Ingredient Catalog'!$J:$J,0))),"")
B36: =IFERROR(INDEX('Ingredient Catalog'!$A:$A,MATCH(19,'Ingredient Catalog'!$J:$J,0)),"") -> Chinese sesame paste | C36: =IFERROR(IF(INDEX('Ingredient Catalog'!$H:$H,MATCH(19,'Ingredient Catalog'!$J:$J,0))=0,"",INDEX('Ingredient Catalog'!$H:$H,MATCH(19,'Ingredient Catalog'!$J:$J,0))),"") -> 3 | D36: =IFERROR(INDEX('Ingredient Catalog'!$C:$C,MATCH(19,'Ingredient Catalog'!$J:$J,0)),"") -> tbsp | E36: =IFERROR(INDEX('Ingredient Catalog'!$B:$B,MATCH(19,'Ingredient Catalog'!$J:$J,0)),"") -> Asian Pantry | F36: =IFERROR(IF(INDEX('Ingredient Catalog'!$D:$D,MATCH(19,'Ingredient Catalog'!$J:$J,0))="Yes","Check pantry",""),"") -> Check pantry | G36: =IFERROR(IF(INDEX('Ingredient Catalog'!$E:$E,MATCH(19,'Ingredient Catalog'!$J:$J,0))=0,"",INDEX('Ingredient Catalog'!$E:$E,MATCH(19,'Ingredient Catalog'!$J:$J,0))),"") -> H Mart
B37: =IFERROR(INDEX('Ingredient Catalog'!$A:$A,MATCH(20,'Ingredient Catalog'!$J:$J,0)),"") -> Soy sauce | C37: =IFERROR(IF(INDEX('Ingredient Catalog'!$H:$H,MATCH(20,'Ingredient Catalog'!$J:$J,0))=0,"",INDEX('Ingredient Catalog'!$H:$H,MATCH(20,'Ingredient Catalog'!$J:$J,0))),"") -> 3 | D37: =IFERROR(INDEX('Ingredient Catalog'!$C:$C,MATCH(20,'Ingredient Catalog'!$J:$J,0)),"") -> tbsp | E37: =IFERROR(INDEX('Ingredient Catalog'!$B:$B,MATCH(20,'Ingredient Catalog'!$J:$J,0)),"") -> Asian Pantry | F37: =IFERROR(IF(INDEX('Ingredient Catalog'!$D:$D,MATCH(20,'Ingredient Catalog'!$J:$J,0))="Yes","Check pantry",""),"") -> Check pantry | G37: =IFERROR(IF(INDEX('Ingredient Catalog'!$E:$E,MATCH(20,'Ingredient Catalog'!$J:$J,0))=0,"",INDEX('Ingredient Catalog'!$E:$E,MATCH(20,'Ingredient Catalog'!$J:$J,0))),"")
B38: =IFERROR(INDEX('Ingredient Catalog'!$A:$A,MATCH(21,'Ingredient Catalog'!$J:$J,0)),"") -> Chinkiang black vinegar | C38: =IFERROR(IF(INDEX('Ingredient Catalog'!$H:$H,MATCH(21,'Ingredient Catalog'!$J:$J,0))=0,"",INDEX('Ingredient Catalog'!$H:$H,MATCH(21,'Ingredient Catalog'!$J:$J,0))),"") -> 1 | D38: =IFERROR(INDEX('Ingredient Catalog'!$C:$C,MATCH(21,'Ingredient Catalog'!$J:$J,0)),"") -> tbsp | E38: =IFERROR(INDEX('Ingredient Catalog'!$B:$B,MATCH(21,'Ingredient Catalog'!$J:$J,0)),"") -> Asian Pantry | F38: =IFERROR(IF(INDEX('Ingredient Catalog'!$D:$D,MATCH(21,'Ingredient Catalog'!$J:$J,0))="Yes","Check pantry",""),"") -> Check pantry | G38: =IFERROR(IF(INDEX('Ingredient Catalog'!$E:$E,MATCH(21,'Ingredient Catalog'!$J:$J,0))=0,"",INDEX('Ingredient Catalog'!$E:$E,MATCH(21,'Ingredient Catalog'!$J:$J,0))),"")
B39: =IFERROR(INDEX('Ingredient Catalog'!$A:$A,MATCH(22,'Ingredient Catalog'!$J:$J,0)),"") -> Chili oil | C39: =IFERROR(IF(INDEX('Ingredient Catalog'!$H:$H,MATCH(22,'Ingredient Catalog'!$J:$J,0))=0,"",INDEX('Ingredient Catalog'!$H:$H,MATCH(22,'Ingredient Catalog'!$J:$J,0))),"") -> 1 | D39: =IFERROR(INDEX('Ingredient Catalog'!$C:$C,MATCH(22,'Ingredient Catalog'!$J:$J,0)),"") -> tbsp | E39: =IFERROR(INDEX('Ingredient Catalog'!$B:$B,MATCH(22,'Ingredient Catalog'!$J:$J,0)),"") -> Asian Pantry | F39: =IFERROR(IF(INDEX('Ingredient Catalog'!$D:$D,MATCH(22,'Ingredient Catalog'!$J:$J,0))="Yes","Check pantry",""),"") -> Check pantry | G39: =IFERROR(IF(INDEX('Ingredient Catalog'!$E:$E,MATCH(22,'Ingredient Catalog'!$J:$J,0))=0,"",INDEX('Ingredient Catalog'!$E:$E,MATCH(22,'Ingredient Catalog'!$J:$J,0))),"")
B40: =IFERROR(INDEX('Ingredient Catalog'!$A:$A,MATCH(23,'Ingredient Catalog'!$J:$J,0)),"") -> Sweet paprika | C40: =IFERROR(IF(INDEX('Ingredient Catalog'!$H:$H,MATCH(23,'Ingredient Catalog'!$J:$J,0))=0,"",INDEX('Ingredient Catalog'!$H:$H,MATCH(23,'Ingredient Catalog'!$J:$J,0))),"") -> 2 | D40: =IFERROR(INDEX('Ingredient Catalog'!$C:$C,MATCH(23,'Ingredient Catalog'!$J:$J,0)),"") -> tbsp | E40: =IFERROR(INDEX('Ingredient Catalog'!$B:$B,MATCH(23,'Ingredient Catalog'!$J:$J,0)),"") -> Spices | F40: =IFERROR(IF(INDEX('Ingredient Catalog'!$D:$D,MATCH(23,'Ingredient Catalog'!$J:$J,0))="Yes","Check pantry",""),"") -> Check pantry | G40: =IFERROR(IF(INDEX('Ingredient Catalog'!$E:$E,MATCH(23,'Ingredient Catalog'!$J:$J,0))=0,"",INDEX('Ingredient Catalog'!$E:$E,MATCH(23,'Ingredient Catalog'!$J:$J,0))),"")
B41: =IFERROR(INDEX('Ingredient Catalog'!$A:$A,MATCH(24,'Ingredient Catalog'!$J:$J,0)),"") -> Salt | C41: =IFERROR(IF(INDEX('Ingredient Catalog'!$H:$H,MATCH(24,'Ingredient Catalog'!$J:$J,0))=0,"",INDEX('Ingredient Catalog'!$H:$H,MATCH(24,'Ingredient Catalog'!$J:$J,0))),"") | D41: =IFERROR(INDEX('Ingredient Catalog'!$C:$C,MATCH(24,'Ingredient Catalog'!$J:$J,0)),"") -> to taste | E41: =IFERROR(INDEX('Ingredient Catalog'!$B:$B,MATCH(24,'Ingredient Catalog'!$J:$J,0)),"") -> Spices | F41: =IFERROR(IF(INDEX('Ingredient Catalog'!$D:$D,MATCH(24,'Ingredient Catalog'!$J:$J,0))="Yes","Check pantry",""),"") -> Check pantry | G41: =IFERROR(IF(INDEX('Ingredient Catalog'!$E:$E,MATCH(24,'Ingredient Catalog'!$J:$J,0))=0,"",INDEX('Ingredient Catalog'!$E:$E,MATCH(24,'Ingredient Catalog'!$J:$J,0))),"")
B42: =IFERROR(INDEX('Ingredient Catalog'!$A:$A,MATCH(25,'Ingredient Catalog'!$J:$J,0)),"") -> Olive oil | C42: =IFERROR(IF(INDEX('Ingredient Catalog'!$H:$H,MATCH(25,'Ingredient Catalog'!$J:$J,0))=0,"",INDEX('Ingredient Catalog'!$H:$H,MATCH(25,'Ingredient Catalog'!$J:$J,0))),"") -> 3 | D42: =IFERROR(INDEX('Ingredient Catalog'!$C:$C,MATCH(25,'Ingredient Catalog'!$J:$J,0)),"") -> tbsp | E42: =IFERROR(INDEX('Ingredient Catalog'!$B:$B,MATCH(25,'Ingredient Catalog'!$J:$J,0)),"") -> Oils & Vinegars | F42: =IFERROR(IF(INDEX('Ingredient Catalog'!$D:$D,MATCH(25,'Ingredient Catalog'!$J:$J,0))="Yes","Check pantry",""),"") -> Check pantry | G42: =IFERROR(IF(INDEX('Ingredient Catalog'!$E:$E,MATCH(25,'Ingredient Catalog'!$J:$J,0))=0,"",INDEX('Ingredient Catalog'!$E:$E,MATCH(25,'Ingredient Catalog'!$J:$J,0))),"")
B43: =IFERROR(INDEX('Ingredient Catalog'!$A:$A,MATCH(26,'Ingredient Catalog'!$J:$J,0)),"") -> Flour | C43: =IFERROR(IF(INDEX('Ingredient Catalog'!$H:$H,MATCH(26,'Ingredient Catalog'!$J:$J,0))=0,"",INDEX('Ingredient Catalog'!$H:$H,MATCH(26,'Ingredient Catalog'!$J:$J,0))),"") -> 2 | D43: =IFERROR(INDEX('Ingredient Catalog'!$C:$C,MATCH(26,'Ingredient Catalog'!$J:$J,0)),"") -> tbsp | E43: =IFERROR(INDEX('Ingredient Catalog'!$B:$B,MATCH(26,'Ingredient Catalog'!$J:$J,0)),"") -> Baking | F43: =IFERROR(IF(INDEX('Ingredient Catalog'!$D:$D,MATCH(26,'Ingredient Catalog'!$J:$J,0))="Yes","Check pantry",""),"") -> Check pantry | G43: =IFERROR(IF(INDEX('Ingredient Catalog'!$E:$E,MATCH(26,'Ingredient Catalog'!$J:$J,0))=0,"",INDEX('Ingredient Catalog'!$E:$E,MATCH(26,'Ingredient Catalog'!$J:$J,0))),"")
B44: =IFERROR(INDEX('Ingredient Catalog'!$A:$A,MATCH(27,'Ingredient Catalog'!$J:$J,0)),"") | C44: =IFERROR(IF(INDEX('Ingredient Catalog'!$H:$H,MATCH(27,'Ingredient Catalog'!$J:$J,0))=0,"",INDEX('Ingredient Catalog'!$H:$H,MATCH(27,'Ingredient Catalog'!$J:$J,0))),"") | D44: =IFERROR(INDEX('Ingredient Catalog'!$C:$C,MATCH(27,'Ingredient Catalog'!$J:$J,0)),"") | E44: =IFERROR(INDEX('Ingredient Catalog'!$B:$B,MATCH(27,'Ingredient Catalog'!$J:$J,0)),"") | F44: =IFERROR(IF(INDEX('Ingredient Catalog'!$D:$D,MATCH(27,'Ingredient Catalog'!$J:$J,0))="Yes","Check pantry",""),"") | G44: =IFERROR(IF(INDEX('Ingredient Catalog'!$E:$E,MATCH(27,'Ingredient Catalog'!$J:$J,0))=0,"",INDEX('Ingredient Catalog'!$E:$E,MATCH(27,'Ingredient Catalog'!$J:$J,0))),"")
B45: =IFERROR(INDEX('Ingredient Catalog'!$A:$A,MATCH(28,'Ingredient Catalog'!$J:$J,0)),"") | C45: =IFERROR(IF(INDEX('Ingredient Catalog'!$H:$H,MATCH(28,'Ingredient Catalog'!$J:$J,0))=0,"",INDEX('Ingredient Catalog'!$H:$H,MATCH(28,'Ingredient Catalog'!$J:$J,0))),"") | D45: =IFERROR(INDEX('Ingredient Catalog'!$C:$C,MATCH(28,'Ingredient Catalog'!$J:$J,0)),"") | E45: =IFERROR(INDEX('Ingredient Catalog'!$B:$B,MATCH(28,'Ingredient Catalog'!$J:$J,0)),"") | F45: =IFERROR(IF(INDEX('Ingredient Catalog'!$D:$D,MATCH(28,'Ingredient Catalog'!$J:$J,0))="Yes","Check pantry",""),"") | G45: =IFERROR(IF(INDEX('Ingredient Catalog'!$E:$E,MATCH(28,'Ingredient Catalog'!$J:$J,0))=0,"",INDEX('Ingredient Catalog'!$E:$E,MATCH(28,'Ingredient Catalog'!$J:$J,0))),"")
B46: =IFERROR(INDEX('Ingredient Catalog'!$A:$A,MATCH(29,'Ingredient Catalog'!$J:$J,0)),"") | C46: =IFERROR(IF(INDEX('Ingredient Catalog'!$H:$H,MATCH(29,'Ingredient Catalog'!$J:$J,0))=0,"",INDEX('Ingredient Catalog'!$H:$H,MATCH(29,'Ingredient Catalog'!$J:$J,0))),"") | D46: =IFERROR(INDEX('Ingredient Catalog'!$C:$C,MATCH(29,'Ingredient Catalog'!$J:$J,0)),"") | E46: =IFERROR(INDEX('Ingredient Catalog'!$B:$B,MATCH(29,'Ingredient Catalog'!$J:$J,0)),"") | F46: =IFERROR(IF(INDEX('Ingredient Catalog'!$D:$D,MATCH(29,'Ingredient Catalog'!$J:$J,0))="Yes","Check pantry",""),"") | G46: =IFERROR(IF(INDEX('Ingredient Catalog'!$E:$E,MATCH(29,'Ingredient Catalog'!$J:$J,0))=0,"",INDEX('Ingredient Catalog'!$E:$E,MATCH(29,'Ingredient Catalog'!$J:$J,0))),"")
B47: =IFERROR(INDEX('Ingredient Catalog'!$A:$A,MATCH(30,'Ingredient Catalog'!$J:$J,0)),"") | C47: =IFERROR(IF(INDEX('Ingredient Catalog'!$H:$H,MATCH(30,'Ingredient Catalog'!$J:$J,0))=0,"",INDEX('Ingredient Catalog'!$H:$H,MATCH(30,'Ingredient Catalog'!$J:$J,0))),"") | D47: =IFERROR(INDEX('Ingredient Catalog'!$C:$C,MATCH(30,'Ingredient Catalog'!$J:$J,0)),"") | E47: =IFERROR(INDEX('Ingredient Catalog'!$B:$B,MATCH(30,'Ingredient Catalog'!$J:$J,0)),"") | F47: =IFERROR(IF(INDEX('Ingredient Catalog'!$D:$D,MATCH(30,'Ingredient Catalog'!$J:$J,0))="Yes","Check pantry",""),"") | G47: =IFERROR(IF(INDEX('Ingredient Catalog'!$E:$E,MATCH(30,'Ingredient Catalog'!$J:$J,0))=0,"",INDEX('Ingredient Catalog'!$E:$E,MATCH(30,'Ingredient Catalog'!$J:$J,0))),"")
B48: =IFERROR(INDEX('Ingredient Catalog'!$A:$A,MATCH(31,'Ingredient Catalog'!$J:$J,0)),"") | C48: =IFERROR(IF(INDEX('Ingredient Catalog'!$H:$H,MATCH(31,'Ingredient Catalog'!$J:$J,0))=0,"",INDEX('Ingredient Catalog'!$H:$H,MATCH(31,'Ingredient Catalog'!$J:$J,0))),"") | D48: =IFERROR(INDEX('Ingredient Catalog'!$C:$C,MATCH(31,'Ingredient Catalog'!$J:$J,0)),"") | E48: =IFERROR(INDEX('Ingredient Catalog'!$B:$B,MATCH(31,'Ingredient Catalog'!$J:$J,0)),"") | F48: =IFERROR(IF(INDEX('Ingredient Catalog'!$D:$D,MATCH(31,'Ingredient Catalog'!$J:$J,0))="Yes","Check pantry",""),"") | G48: =IFERROR(IF(INDEX('Ingredient Catalog'!$E:$E,MATCH(31,'Ingredient Catalog'!$J:$J,0))=0,"",INDEX('Ingredient Catalog'!$E:$E,MATCH(31,'Ingredient Catalog'!$J:$J,0))),"")
B49: =IFERROR(INDEX('Ingredient Catalog'!$A:$A,MATCH(32,'Ingredient Catalog'!$J:$J,0)),"") | C49: =IFERROR(IF(INDEX('Ingredient Catalog'!$H:$H,MATCH(32,'Ingredient Catalog'!$J:$J,0))=0,"",INDEX('Ingredient Catalog'!$H:$H,MATCH(32,'Ingredient Catalog'!$J:$J,0))),"") | D49: =IFERROR(INDEX('Ingredient Catalog'!$C:$C,MATCH(32,'Ingredient Catalog'!$J:$J,0)),"") | E49: =IFERROR(INDEX('Ingredient Catalog'!$B:$B,MATCH(32,'Ingredient Catalog'!$J:$J,0)),"") | F49: =IFERROR(IF(INDEX('Ingredient Catalog'!$D:$D,MATCH(32,'Ingredient Catalog'!$J:$J,0))="Yes","Check pantry",""),"") | G49: =IFERROR(IF(INDEX('Ingredient Catalog'!$E:$E,MATCH(32,'Ingredient Catalog'!$J:$J,0))=0,"",INDEX('Ingredient Catalog'!$E:$E,MATCH(32,'Ingredient Catalog'!$J:$J,0))),"")
B50: =IFERROR(INDEX('Ingredient Catalog'!$A:$A,MATCH(33,'Ingredient Catalog'!$J:$J,0)),"") | C50: =IFERROR(IF(INDEX('Ingredient Catalog'!$H:$H,MATCH(33,'Ingredient Catalog'!$J:$J,0))=0,"",INDEX('Ingredient Catalog'!$H:$H,MATCH(33,'Ingredient Catalog'!$J:$J,0))),"") | D50: =IFERROR(INDEX('Ingredient Catalog'!$C:$C,MATCH(33,'Ingredient Catalog'!$J:$J,0)),"") | E50: =IFERROR(INDEX('Ingredient Catalog'!$B:$B,MATCH(33,'Ingredient Catalog'!$J:$J,0)),"") | F50: =IFERROR(IF(INDEX('Ingredient Catalog'!$D:$D,MATCH(33,'Ingredient Catalog'!$J:$J,0))="Yes","Check pantry",""),"") | G50: =IFERROR(IF(INDEX('Ingredient Catalog'!$E:$E,MATCH(33,'Ingredient Catalog'!$J:$J,0))=0,"",INDEX('Ingredient Catalog'!$E:$E,MATCH(33,'Ingredient Catalog'!$J:$J,0))),"")
B51: =IFERROR(INDEX('Ingredient Catalog'!$A:$A,MATCH(34,'Ingredient Catalog'!$J:$J,0)),"") | C51: =IFERROR(IF(INDEX('Ingredient Catalog'!$H:$H,MATCH(34,'Ingredient Catalog'!$J:$J,0))=0,"",INDEX('Ingredient Catalog'!$H:$H,MATCH(34,'Ingredient Catalog'!$J:$J,0))),"") | D51: =IFERROR(INDEX('Ingredient Catalog'!$C:$C,MATCH(34,'Ingredient Catalog'!$J:$J,0)),"") | E51: =IFERROR(INDEX('Ingredient Catalog'!$B:$B,MATCH(34,'Ingredient Catalog'!$J:$J,0)),"") | F51: =IFERROR(IF(INDEX('Ingredient Catalog'!$D:$D,MATCH(34,'Ingredient Catalog'!$J:$J,0))="Yes","Check pantry",""),"") | G51: =IFERROR(IF(INDEX('Ingredient Catalog'!$E:$E,MATCH(34,'Ingredient Catalog'!$J:$J,0))=0,"",INDEX('Ingredient Catalog'!$E:$E,MATCH(34,'Ingredient Catalog'!$J:$J,0))),"")
B52: =IFERROR(INDEX('Ingredient Catalog'!$A:$A,MATCH(35,'Ingredient Catalog'!$J:$J,0)),"") | C52: =IFERROR(IF(INDEX('Ingredient Catalog'!$H:$H,MATCH(35,'Ingredient Catalog'!$J:$J,0))=0,"",INDEX('Ingredient Catalog'!$H:$H,MATCH(35,'Ingredient Catalog'!$J:$J,0))),"") | D52: =IFERROR(INDEX('Ingredient Catalog'!$C:$C,MATCH(35,'Ingredient Catalog'!$J:$J,0)),"") | E52: =IFERROR(INDEX('Ingredient Catalog'!$B:$B,MATCH(35,'Ingredient Catalog'!$J:$J,0)),"") | F52: =IFERROR(IF(INDEX('Ingredient Catalog'!$D:$D,MATCH(35,'Ingredient Catalog'!$J:$J,0))="Yes","Check pantry",""),"") | G52: =IFERROR(IF(INDEX('Ingredient Catalog'!$E:$E,MATCH(35,'Ingredient Catalog'!$J:$J,0))=0,"",INDEX('Ingredient Catalog'!$E:$E,MATCH(35,'Ingredient Catalog'!$J:$J,0))),"")
B53: =IFERROR(INDEX('Ingredient Catalog'!$A:$A,MATCH(36,'Ingredient Catalog'!$J:$J,0)),"") | C53: =IFERROR(IF(INDEX('Ingredient Catalog'!$H:$H,MATCH(36,'Ingredient Catalog'!$J:$J,0))=0,"",INDEX('Ingredient Catalog'!$H:$H,MATCH(36,'Ingredient Catalog'!$J:$J,0))),"") | D53: =IFERROR(INDEX('Ingredient Catalog'!$C:$C,MATCH(36,'Ingredient Catalog'!$J:$J,0)),"") | E53: =IFERROR(INDEX('Ingredient Catalog'!$B:$B,MATCH(36,'Ingredient Catalog'!$J:$J,0)),"") | F53: =IFERROR(IF(INDEX('Ingredient Catalog'!$D:$D,MATCH(36,'Ingredient Catalog'!$J:$J,0))="Yes","Check pantry",""),"") | G53: =IFERROR(IF(INDEX('Ingredient Catalog'!$E:$E,MATCH(36,'Ingredient Catalog'!$J:$J,0))=0,"",INDEX('Ingredient Catalog'!$E:$E,MATCH(36,'Ingredient Catalog'!$J:$J,0))),"")
B54: =IFERROR(INDEX('Ingredient Catalog'!$A:$A,MATCH(37,'Ingredient Catalog'!$J:$J,0)),"") | C54: =IFERROR(IF(INDEX('Ingredient Catalog'!$H:$H,MATCH(37,'Ingredient Catalog'!$J:$J,0))=0,"",INDEX('Ingredient Catalog'!$H:$H,MATCH(37,'Ingredient Catalog'!$J:$J,0))),"") | D54: =IFERROR(INDEX('Ingredient Catalog'!$C:$C,MATCH(37,'Ingredient Catalog'!$J:$J,0)),"") | E54: =IFERROR(INDEX('Ingredient Catalog'!$B:$B,MATCH(37,'Ingredient Catalog'!$J:$J,0)),"") | F54: =IFERROR(IF(INDEX('Ingredient Catalog'!$D:$D,MATCH(37,'Ingredient Catalog'!$J:$J,0))="Yes","Check pantry",""),"") | G54: =IFERROR(IF(INDEX('Ingredient Catalog'!$E:$E,MATCH(37,'Ingredient Catalog'!$J:$J,0))=0,"",INDEX('Ingredient Catalog'!$E:$E,MATCH(37,'Ingredient Catalog'!$J:$J,0))),"")
B55: =IFERROR(INDEX('Ingredient Catalog'!$A:$A,MATCH(38,'Ingredient Catalog'!$J:$J,0)),"") | C55: =IFERROR(IF(INDEX('Ingredient Catalog'!$H:$H,MATCH(38,'Ingredient Catalog'!$J:$J,0))=0,"",INDEX('Ingredient Catalog'!$H:$H,MATCH(38,'Ingredient Catalog'!$J:$J,0))),"") | D55: =IFERROR(INDEX('Ingredient Catalog'!$C:$C,MATCH(38,'Ingredient Catalog'!$J:$J,0)),"") | E55: =IFERROR(INDEX('Ingredient Catalog'!$B:$B,MATCH(38,'Ingredient Catalog'!$J:$J,0)),"") | F55: =IFERROR(IF(INDEX('Ingredient Catalog'!$D:$D,MATCH(38,'Ingredient Catalog'!$J:$J,0))="Yes","Check pantry",""),"") | G55: =IFERROR(IF(INDEX('Ingredient Catalog'!$E:$E,MATCH(38,'Ingredient Catalog'!$J:$J,0))=0,"",INDEX('Ingredient Catalog'!$E:$E,MATCH(38,'Ingredient Catalog'!$J:$J,0))),"")
B56: =IFERROR(INDEX('Ingredient Catalog'!$A:$A,MATCH(39,'Ingredient Catalog'!$J:$J,0)),"") | C56: =IFERROR(IF(INDEX('Ingredient Catalog'!$H:$H,MATCH(39,'Ingredient Catalog'!$J:$J,0))=0,"",INDEX('Ingredient Catalog'!$H:$H,MATCH(39,'Ingredient Catalog'!$J:$J,0))),"") | D56: =IFERROR(INDEX('Ingredient Catalog'!$C:$C,MATCH(39,'Ingredient Catalog'!$J:$J,0)),"") | E56: =IFERROR(INDEX('Ingredient Catalog'!$B:$B,MATCH(39,'Ingredient Catalog'!$J:$J,0)),"") | F56: =IFERROR(IF(INDEX('Ingredient Catalog'!$D:$D,MATCH(39,'Ingredient Catalog'!$J:$J,0))="Yes","Check pantry",""),"") | G56: =IFERROR(IF(INDEX('Ingredient Catalog'!$E:$E,MATCH(39,'Ingredient Catalog'!$J:$J,0))=0,"",INDEX('Ingredient Catalog'!$E:$E,MATCH(39,'Ingredient Catalog'!$J:$J,0))),"")
B57: =IFERROR(INDEX('Ingredient Catalog'!$A:$A,MATCH(40,'Ingredient Catalog'!$J:$J,0)),"") | C57: =IFERROR(IF(INDEX('Ingredient Catalog'!$H:$H,MATCH(40,'Ingredient Catalog'!$J:$J,0))=0,"",INDEX('Ingredient Catalog'!$H:$H,MATCH(40,'Ingredient Catalog'!$J:$J,0))),"") | D57: =IFERROR(INDEX('Ingredient Catalog'!$C:$C,MATCH(40,'Ingredient Catalog'!$J:$J,0)),"") | E57: =IFERROR(INDEX('Ingredient Catalog'!$B:$B,MATCH(40,'Ingredient Catalog'!$J:$J,0)),"") | F57: =IFERROR(IF(INDEX('Ingredient Catalog'!$D:$D,MATCH(40,'Ingredient Catalog'!$J:$J,0))="Yes","Check pantry",""),"") | G57: =IFERROR(IF(INDEX('Ingredient Catalog'!$E:$E,MATCH(40,'Ingredient Catalog'!$J:$J,0))=0,"",INDEX('Ingredient Catalog'!$E:$E,MATCH(40,'Ingredient Catalog'!$J:$J,0))),"")
B58: =IFERROR(INDEX('Ingredient Catalog'!$A:$A,MATCH(41,'Ingredient Catalog'!$J:$J,0)),"") | C58: =IFERROR(IF(INDEX('Ingredient Catalog'!$H:$H,MATCH(41,'Ingredient Catalog'!$J:$J,0))=0,"",INDEX('Ingredient Catalog'!$H:$H,MATCH(41,'Ingredient Catalog'!$J:$J,0))),"") | D58: =IFERROR(INDEX('Ingredient Catalog'!$C:$C,MATCH(41,'Ingredient Catalog'!$J:$J,0)),"") | E58: =IFERROR(INDEX('Ingredient Catalog'!$B:$B,MATCH(41,'Ingredient Catalog'!$J:$J,0)),"") | F58: =IFERROR(IF(INDEX('Ingredient Catalog'!$D:$D,MATCH(41,'Ingredient Catalog'!$J:$J,0))="Yes","Check pantry",""),"") | G58: =IFERROR(IF(INDEX('Ingredient Catalog'!$E:$E,MATCH(41,'Ingredient Catalog'!$J:$J,0))=0,"",INDEX('Ingredient Catalog'!$E:$E,MATCH(41,'Ingredient Catalog'!$J:$J,0))),"")
B59: =IFERROR(INDEX('Ingredient Catalog'!$A:$A,MATCH(42,'Ingredient Catalog'!$J:$J,0)),"") | C59: =IFERROR(IF(INDEX('Ingredient Catalog'!$H:$H,MATCH(42,'Ingredient Catalog'!$J:$J,0))=0,"",INDEX('Ingredient Catalog'!$H:$H,MATCH(42,'Ingredient Catalog'!$J:$J,0))),"") | D59: =IFERROR(INDEX('Ingredient Catalog'!$C:$C,MATCH(42,'Ingredient Catalog'!$J:$J,0)),"") | E59: =IFERROR(INDEX('Ingredient Catalog'!$B:$B,MATCH(42,'Ingredient Catalog'!$J:$J,0)),"") | F59: =IFERROR(IF(INDEX('Ingredient Catalog'!$D:$D,MATCH(42,'Ingredient Catalog'!$J:$J,0))="Yes","Check pantry",""),"") | G59: =IFERROR(IF(INDEX('Ingredient Catalog'!$E:$E,MATCH(42,'Ingredient Catalog'!$J:$J,0))=0,"",INDEX('Ingredient Catalog'!$E:$E,MATCH(42,'Ingredient Catalog'!$J:$J,0))),"")
B60: =IFERROR(INDEX('Ingredient Catalog'!$A:$A,MATCH(43,'Ingredient Catalog'!$J:$J,0)),"") | C60: =IFERROR(IF(INDEX('Ingredient Catalog'!$H:$H,MATCH(43,'Ingredient Catalog'!$J:$J,0))=0,"",INDEX('Ingredient Catalog'!$H:$H,MATCH(43,'Ingredient Catalog'!$J:$J,0))),"") | D60: =IFERROR(INDEX('Ingredient Catalog'!$C:$C,MATCH(43,'Ingredient Catalog'!$J:$J,0)),"") | E60: =IFERROR(INDEX('Ingredient Catalog'!$B:$B,MATCH(43,'Ingredient Catalog'!$J:$J,0)),"") | F60: =IFERROR(IF(INDEX('Ingredient Catalog'!$D:$D,MATCH(43,'Ingredient Catalog'!$J:$J,0))="Yes","Check pantry",""),"") | G60: =IFERROR(IF(INDEX('Ingredient Catalog'!$E:$E,MATCH(43,'Ingredient Catalog'!$J:$J,0))=0,"",INDEX('Ingredient Catalog'!$E:$E,MATCH(43,'Ingredient Catalog'!$J:$J,0))),"")
B61: =IFERROR(INDEX('Ingredient Catalog'!$A:$A,MATCH(44,'Ingredient Catalog'!$J:$J,0)),"") | C61: =IFERROR(IF(INDEX('Ingredient Catalog'!$H:$H,MATCH(44,'Ingredient Catalog'!$J:$J,0))=0,"",INDEX('Ingredient Catalog'!$H:$H,MATCH(44,'Ingredient Catalog'!$J:$J,0))),"") | D61: =IFERROR(INDEX('Ingredient Catalog'!$C:$C,MATCH(44,'Ingredient Catalog'!$J:$J,0)),"") | E61: =IFERROR(INDEX('Ingredient Catalog'!$B:$B,MATCH(44,'Ingredient Catalog'!$J:$J,0)),"") | F61: =IFERROR(IF(INDEX('Ingredient Catalog'!$D:$D,MATCH(44,'Ingredient Catalog'!$J:$J,0))="Yes","Check pantry",""),"") | G61: =IFERROR(IF(INDEX('Ingredient Catalog'!$E:$E,MATCH(44,'Ingredient Catalog'!$J:$J,0))=0,"",INDEX('Ingredient Catalog'!$E:$E,MATCH(44,'Ingredient Catalog'!$J:$J,0))),"")
B62: =IFERROR(INDEX('Ingredient Catalog'!$A:$A,MATCH(45,'Ingredient Catalog'!$J:$J,0)),"") | C62: =IFERROR(IF(INDEX('Ingredient Catalog'!$H:$H,MATCH(45,'Ingredient Catalog'!$J:$J,0))=0,"",INDEX('Ingredient Catalog'!$H:$H,MATCH(45,'Ingredient Catalog'!$J:$J,0))),"") | D62: =IFERROR(INDEX('Ingredient Catalog'!$C:$C,MATCH(45,'Ingredient Catalog'!$J:$J,0)),"") | E62: =IFERROR(INDEX('Ingredient Catalog'!$B:$B,MATCH(45,'Ingredient Catalog'!$J:$J,0)),"") | F62: =IFERROR(IF(INDEX('Ingredient Catalog'!$D:$D,MATCH(45,'Ingredient Catalog'!$J:$J,0))="Yes","Check pantry",""),"") | G62: =IFERROR(IF(INDEX('Ingredient Catalog'!$E:$E,MATCH(45,'Ingredient Catalog'!$J:$J,0))=0,"",INDEX('Ingredient Catalog'!$E:$E,MATCH(45,'Ingredient Catalog'!$J:$J,0))),"")
B63: =IFERROR(INDEX('Ingredient Catalog'!$A:$A,MATCH(46,'Ingredient Catalog'!$J:$J,0)),"") | C63: =IFERROR(IF(INDEX('Ingredient Catalog'!$H:$H,MATCH(46,'Ingredient Catalog'!$J:$J,0))=0,"",INDEX('Ingredient Catalog'!$H:$H,MATCH(46,'Ingredient Catalog'!$J:$J,0))),"") | D63: =IFERROR(INDEX('Ingredient Catalog'!$C:$C,MATCH(46,'Ingredient Catalog'!$J:$J,0)),"") | E63: =IFERROR(INDEX('Ingredient Catalog'!$B:$B,MATCH(46,'Ingredient Catalog'!$J:$J,0)),"") | F63: =IFERROR(IF(INDEX('Ingredient Catalog'!$D:$D,MATCH(46,'Ingredient Catalog'!$J:$J,0))="Yes","Check pantry",""),"") | G63: =IFERROR(IF(INDEX('Ingredient Catalog'!$E:$E,MATCH(46,'Ingredient Catalog'!$J:$J,0))=0,"",INDEX('Ingredient Catalog'!$E:$E,MATCH(46,'Ingredient Catalog'!$J:$J,0))),"")
B64: =IFERROR(INDEX('Ingredient Catalog'!$A:$A,MATCH(47,'Ingredient Catalog'!$J:$J,0)),"") | C64: =IFERROR(IF(INDEX('Ingredient Catalog'!$H:$H,MATCH(47,'Ingredient Catalog'!$J:$J,0))=0,"",INDEX('Ingredient Catalog'!$H:$H,MATCH(47,'Ingredient Catalog'!$J:$J,0))),"") | D64: =IFERROR(INDEX('Ingredient Catalog'!$C:$C,MATCH(47,'Ingredient Catalog'!$J:$J,0)),"") | E64: =IFERROR(INDEX('Ingredient Catalog'!$B:$B,MATCH(47,'Ingredient Catalog'!$J:$J,0)),"") | F64: =IFERROR(IF(INDEX('Ingredient Catalog'!$D:$D,MATCH(47,'Ingredient Catalog'!$J:$J,0))="Yes","Check pantry",""),"") | G64: =IFERROR(IF(INDEX('Ingredient Catalog'!$E:$E,MATCH(47,'Ingredient Catalog'!$J:$J,0))=0,"",INDEX('Ingredient Catalog'!$E:$E,MATCH(47,'Ingredient Catalog'!$J:$J,0))),"")
B65: =IFERROR(INDEX('Ingredient Catalog'!$A:$A,MATCH(48,'Ingredient Catalog'!$J:$J,0)),"") | C65: =IFERROR(IF(INDEX('Ingredient Catalog'!$H:$H,MATCH(48,'Ingredient Catalog'!$J:$J,0))=0,"",INDEX('Ingredient Catalog'!$H:$H,MATCH(48,'Ingredient Catalog'!$J:$J,0))),"") | D65: =IFERROR(INDEX('Ingredient Catalog'!$C:$C,MATCH(48,'Ingredient Catalog'!$J:$J,0)),"") | E65: =IFERROR(INDEX('Ingredient Catalog'!$B:$B,MATCH(48,'Ingredient Catalog'!$J:$J,0)),"") | F65: =IFERROR(IF(INDEX('Ingredient Catalog'!$D:$D,MATCH(48,'Ingredient Catalog'!$J:$J,0))="Yes","Check pantry",""),"") | G65: =IFERROR(IF(INDEX('Ingredient Catalog'!$E:$E,MATCH(48,'Ingredient Catalog'!$J:$J,0))=0,"",INDEX('Ingredient Catalog'!$E:$E,MATCH(48,'Ingredient Catalog'!$J:$J,0))),"")
B66: =IFERROR(INDEX('Ingredient Catalog'!$A:$A,MATCH(49,'Ingredient Catalog'!$J:$J,0)),"") | C66: =IFERROR(IF(INDEX('Ingredient Catalog'!$H:$H,MATCH(49,'Ingredient Catalog'!$J:$J,0))=0,"",INDEX('Ingredient Catalog'!$H:$H,MATCH(49,'Ingredient Catalog'!$J:$J,0))),"") | D66: =IFERROR(INDEX('Ingredient Catalog'!$C:$C,MATCH(49,'Ingredient Catalog'!$J:$J,0)),"") | E66: =IFERROR(INDEX('Ingredient Catalog'!$B:$B,MATCH(49,'Ingredient Catalog'!$J:$J,0)),"") | F66: =IFERROR(IF(INDEX('Ingredient Catalog'!$D:$D,MATCH(49,'Ingredient Catalog'!$J:$J,0))="Yes","Check pantry",""),"") | G66: =IFERROR(IF(INDEX('Ingredient Catalog'!$E:$E,MATCH(49,'Ingredient Catalog'!$J:$J,0))=0,"",INDEX('Ingredient Catalog'!$E:$E,MATCH(49,'Ingredient Catalog'!$J:$J,0))),"")
B67: =IFERROR(INDEX('Ingredient Catalog'!$A:$A,MATCH(50,'Ingredient Catalog'!$J:$J,0)),"") | C67: =IFERROR(IF(INDEX('Ingredient Catalog'!$H:$H,MATCH(50,'Ingredient Catalog'!$J:$J,0))=0,"",INDEX('Ingredient Catalog'!$H:$H,MATCH(50,'Ingredient Catalog'!$J:$J,0))),"") | D67: =IFERROR(INDEX('Ingredient Catalog'!$C:$C,MATCH(50,'Ingredient Catalog'!$J:$J,0)),"") | E67: =IFERROR(INDEX('Ingredient Catalog'!$B:$B,MATCH(50,'Ingredient Catalog'!$J:$J,0)),"") | F67: =IFERROR(IF(INDEX('Ingredient Catalog'!$D:$D,MATCH(50,'Ingredient Catalog'!$J:$J,0))="Yes","Check pantry",""),"") | G67: =IFERROR(IF(INDEX('Ingredient Catalog'!$E:$E,MATCH(50,'Ingredient Catalog'!$J:$J,0))=0,"",INDEX('Ingredient Catalog'!$E:$E,MATCH(50,'Ingredient Catalog'!$J:$J,0))),"")
B68: =IFERROR(INDEX('Ingredient Catalog'!$A:$A,MATCH(51,'Ingredient Catalog'!$J:$J,0)),"") | C68: =IFERROR(IF(INDEX('Ingredient Catalog'!$H:$H,MATCH(51,'Ingredient Catalog'!$J:$J,0))=0,"",INDEX('Ingredient Catalog'!$H:$H,MATCH(51,'Ingredient Catalog'!$J:$J,0))),"") | D68: =IFERROR(INDEX('Ingredient Catalog'!$C:$C,MATCH(51,'Ingredient Catalog'!$J:$J,0)),"") | E68: =IFERROR(INDEX('Ingredient Catalog'!$B:$B,MATCH(51,'Ingredient Catalog'!$J:$J,0)),"") | F68: =IFERROR(IF(INDEX('Ingredient Catalog'!$D:$D,MATCH(51,'Ingredient Catalog'!$J:$J,0))="Yes","Check pantry",""),"") | G68: =IFERROR(IF(INDEX('Ingredient Catalog'!$E:$E,MATCH(51,'Ingredient Catalog'!$J:$J,0))=0,"",INDEX('Ingredient Catalog'!$E:$E,MATCH(51,'Ingredient Catalog'!$J:$J,0))),"")
B69: =IFERROR(INDEX('Ingredient Catalog'!$A:$A,MATCH(52,'Ingredient Catalog'!$J:$J,0)),"") | C69: =IFERROR(IF(INDEX('Ingredient Catalog'!$H:$H,MATCH(52,'Ingredient Catalog'!$J:$J,0))=0,"",INDEX('Ingredient Catalog'!$H:$H,MATCH(52,'Ingredient Catalog'!$J:$J,0))),"") | D69: =IFERROR(INDEX('Ingredient Catalog'!$C:$C,MATCH(52,'Ingredient Catalog'!$J:$J,0)),"") | E69: =IFERROR(INDEX('Ingredient Catalog'!$B:$B,MATCH(52,'Ingredient Catalog'!$J:$J,0)),"") | F69: =IFERROR(IF(INDEX('Ingredient Catalog'!$D:$D,MATCH(52,'Ingredient Catalog'!$J:$J,0))="Yes","Check pantry",""),"") | G69: =IFERROR(IF(INDEX('Ingredient Catalog'!$E:$E,MATCH(52,'Ingredient Catalog'!$J:$J,0))=0,"",INDEX('Ingredient Catalog'!$E:$E,MATCH(52,'Ingredient Catalog'!$J:$J,0))),"")
B70: =IFERROR(INDEX('Ingredient Catalog'!$A:$A,MATCH(53,'Ingredient Catalog'!$J:$J,0)),"") | C70: =IFERROR(IF(INDEX('Ingredient Catalog'!$H:$H,MATCH(53,'Ingredient Catalog'!$J:$J,0))=0,"",INDEX('Ingredient Catalog'!$H:$H,MATCH(53,'Ingredient Catalog'!$J:$J,0))),"") | D70: =IFERROR(INDEX('Ingredient Catalog'!$C:$C,MATCH(53,'Ingredient Catalog'!$J:$J,0)),"") | E70: =IFERROR(INDEX('Ingredient Catalog'!$B:$B,MATCH(53,'Ingredient Catalog'!$J:$J,0)),"") | F70: =IFERROR(IF(INDEX('Ingredient Catalog'!$D:$D,MATCH(53,'Ingredient Catalog'!$J:$J,0))="Yes","Check pantry",""),"") | G70: =IFERROR(IF(INDEX('Ingredient Catalog'!$E:$E,MATCH(53,'Ingredient Catalog'!$J:$J,0))=0,"",INDEX('Ingredient Catalog'!$E:$E,MATCH(53,'Ingredient Catalog'!$J:$J,0))),"")
B71: =IFERROR(INDEX('Ingredient Catalog'!$A:$A,MATCH(54,'Ingredient Catalog'!$J:$J,0)),"") | C71: =IFERROR(IF(INDEX('Ingredient Catalog'!$H:$H,MATCH(54,'Ingredient Catalog'!$J:$J,0))=0,"",INDEX('Ingredient Catalog'!$H:$H,MATCH(54,'Ingredient Catalog'!$J:$J,0))),"") | D71: =IFERROR(INDEX('Ingredient Catalog'!$C:$C,MATCH(54,'Ingredient Catalog'!$J:$J,0)),"") | E71: =IFERROR(INDEX('Ingredient Catalog'!$B:$B,MATCH(54,'Ingredient Catalog'!$J:$J,0)),"") | F71: =IFERROR(IF(INDEX('Ingredient Catalog'!$D:$D,MATCH(54,'Ingredient Catalog'!$J:$J,0))="Yes","Check pantry",""),"") | G71: =IFERROR(IF(INDEX('Ingredient Catalog'!$E:$E,MATCH(54,'Ingredient Catalog'!$J:$J,0))=0,"",INDEX('Ingredient Catalog'!$E:$E,MATCH(54,'Ingredient Catalog'!$J:$J,0))),"")
B72: =IFERROR(INDEX('Ingredient Catalog'!$A:$A,MATCH(55,'Ingredient Catalog'!$J:$J,0)),"") | C72: =IFERROR(IF(INDEX('Ingredient Catalog'!$H:$H,MATCH(55,'Ingredient Catalog'!$J:$J,0))=0,"",INDEX('Ingredient Catalog'!$H:$H,MATCH(55,'Ingredient Catalog'!$J:$J,0))),"") | D72: =IFERROR(INDEX('Ingredient Catalog'!$C:$C,MATCH(55,'Ingredient Catalog'!$J:$J,0)),"") | E72: =IFERROR(INDEX('Ingredient Catalog'!$B:$B,MATCH(55,'Ingredient Catalog'!$J:$J,0)),"") | F72: =IFERROR(IF(INDEX('Ingredient Catalog'!$D:$D,MATCH(55,'Ingredient Catalog'!$J:$J,0))="Yes","Check pantry",""),"") | G72: =IFERROR(IF(INDEX('Ingredient Catalog'!$E:$E,MATCH(55,'Ingredient Catalog'!$J:$J,0))=0,"",INDEX('Ingredient Catalog'!$E:$E,MATCH(55,'Ingredient Catalog'!$J:$J,0))),"")
B73: =IFERROR(INDEX('Ingredient Catalog'!$A:$A,MATCH(56,'Ingredient Catalog'!$J:$J,0)),"") | C73: =IFERROR(IF(INDEX('Ingredient Catalog'!$H:$H,MATCH(56,'Ingredient Catalog'!$J:$J,0))=0,"",INDEX('Ingredient Catalog'!$H:$H,MATCH(56,'Ingredient Catalog'!$J:$J,0))),"") | D73: =IFERROR(INDEX('Ingredient Catalog'!$C:$C,MATCH(56,'Ingredient Catalog'!$J:$J,0)),"") | E73: =IFERROR(INDEX('Ingredient Catalog'!$B:$B,MATCH(56,'Ingredient Catalog'!$J:$J,0)),"") | F73: =IFERROR(IF(INDEX('Ingredient Catalog'!$D:$D,MATCH(56,'Ingredient Catalog'!$J:$J,0))="Yes","Check pantry",""),"") | G73: =IFERROR(IF(INDEX('Ingredient Catalog'!$E:$E,MATCH(56,'Ingredient Catalog'!$J:$J,0))=0,"",INDEX('Ingredient Catalog'!$E:$E,MATCH(56,'Ingredient Catalog'!$J:$J,0))),"")
B74: =IFERROR(INDEX('Ingredient Catalog'!$A:$A,MATCH(57,'Ingredient Catalog'!$J:$J,0)),"") | C74: =IFERROR(IF(INDEX('Ingredient Catalog'!$H:$H,MATCH(57,'Ingredient Catalog'!$J:$J,0))=0,"",INDEX('Ingredient Catalog'!$H:$H,MATCH(57,'Ingredient Catalog'!$J:$J,0))),"") | D74: =IFERROR(INDEX('Ingredient Catalog'!$C:$C,MATCH(57,'Ingredient Catalog'!$J:$J,0)),"") | E74: =IFERROR(INDEX('Ingredient Catalog'!$B:$B,MATCH(57,'Ingredient Catalog'!$J:$J,0)),"") | F74: =IFERROR(IF(INDEX('Ingredient Catalog'!$D:$D,MATCH(57,'Ingredient Catalog'!$J:$J,0))="Yes","Check pantry",""),"") | G74: =IFERROR(IF(INDEX('Ingredient Catalog'!$E:$E,MATCH(57,'Ingredient Catalog'!$J:$J,0))=0,"",INDEX('Ingredient Catalog'!$E:$E,MATCH(57,'Ingredient Catalog'!$J:$J,0))),"")
B75: =IFERROR(INDEX('Ingredient Catalog'!$A:$A,MATCH(58,'Ingredient Catalog'!$J:$J,0)),"") | C75: =IFERROR(IF(INDEX('Ingredient Catalog'!$H:$H,MATCH(58,'Ingredient Catalog'!$J:$J,0))=0,"",INDEX('Ingredient Catalog'!$H:$H,MATCH(58,'Ingredient Catalog'!$J:$J,0))),"") | D75: =IFERROR(INDEX('Ingredient Catalog'!$C:$C,MATCH(58,'Ingredient Catalog'!$J:$J,0)),"") | E75: =IFERROR(INDEX('Ingredient Catalog'!$B:$B,MATCH(58,'Ingredient Catalog'!$J:$J,0)),"") | F75: =IFERROR(IF(INDEX('Ingredient Catalog'!$D:$D,MATCH(58,'Ingredient Catalog'!$J:$J,0))="Yes","Check pantry",""),"") | G75: =IFERROR(IF(INDEX('Ingredient Catalog'!$E:$E,MATCH(58,'Ingredient Catalog'!$J:$J,0))=0,"",INDEX('Ingredient Catalog'!$E:$E,MATCH(58,'Ingredient Catalog'!$J:$J,0))),"")
B76: =IFERROR(INDEX('Ingredient Catalog'!$A:$A,MATCH(59,'Ingredient Catalog'!$J:$J,0)),"") | C76: =IFERROR(IF(INDEX('Ingredient Catalog'!$H:$H,MATCH(59,'Ingredient Catalog'!$J:$J,0))=0,"",INDEX('Ingredient Catalog'!$H:$H,MATCH(59,'Ingredient Catalog'!$J:$J,0))),"") | D76: =IFERROR(INDEX('Ingredient Catalog'!$C:$C,MATCH(59,'Ingredient Catalog'!$J:$J,0)),"") | E76: =IFERROR(INDEX('Ingredient Catalog'!$B:$B,MATCH(59,'Ingredient Catalog'!$J:$J,0)),"") | F76: =IFERROR(IF(INDEX('Ingredient Catalog'!$D:$D,MATCH(59,'Ingredient Catalog'!$J:$J,0))="Yes","Check pantry",""),"") | G76: =IFERROR(IF(INDEX('Ingredient Catalog'!$E:$E,MATCH(59,'Ingredient Catalog'!$J:$J,0))=0,"",INDEX('Ingredient Catalog'!$E:$E,MATCH(59,'Ingredient Catalog'!$J:$J,0))),"")
B77: =IFERROR(INDEX('Ingredient Catalog'!$A:$A,MATCH(60,'Ingredient Catalog'!$J:$J,0)),"") | C77: =IFERROR(IF(INDEX('Ingredient Catalog'!$H:$H,MATCH(60,'Ingredient Catalog'!$J:$J,0))=0,"",INDEX('Ingredient Catalog'!$H:$H,MATCH(60,'Ingredient Catalog'!$J:$J,0))),"") | D77: =IFERROR(INDEX('Ingredient Catalog'!$C:$C,MATCH(60,'Ingredient Catalog'!$J:$J,0)),"") | E77: =IFERROR(INDEX('Ingredient Catalog'!$B:$B,MATCH(60,'Ingredient Catalog'!$J:$J,0)),"") | F77: =IFERROR(IF(INDEX('Ingredient Catalog'!$D:$D,MATCH(60,'Ingredient Catalog'!$J:$J,0))="Yes","Check pantry",""),"") | G77: =IFERROR(IF(INDEX('Ingredient Catalog'!$E:$E,MATCH(60,'Ingredient Catalog'!$J:$J,0))=0,"",INDEX('Ingredient Catalog'!$E:$E,MATCH(60,'Ingredient Catalog'!$J:$J,0))),"")
B78: =IFERROR(INDEX('Ingredient Catalog'!$A:$A,MATCH(61,'Ingredient Catalog'!$J:$J,0)),"") | C78: =IFERROR(IF(INDEX('Ingredient Catalog'!$H:$H,MATCH(61,'Ingredient Catalog'!$J:$J,0))=0,"",INDEX('Ingredient Catalog'!$H:$H,MATCH(61,'Ingredient Catalog'!$J:$J,0))),"") | D78: =IFERROR(INDEX('Ingredient Catalog'!$C:$C,MATCH(61,'Ingredient Catalog'!$J:$J,0)),"") | E78: =IFERROR(INDEX('Ingredient Catalog'!$B:$B,MATCH(61,'Ingredient Catalog'!$J:$J,0)),"") | F78: =IFERROR(IF(INDEX('Ingredient Catalog'!$D:$D,MATCH(61,'Ingredient Catalog'!$J:$J,0))="Yes","Check pantry",""),"") | G78: =IFERROR(IF(INDEX('Ingredient Catalog'!$E:$E,MATCH(61,'Ingredient Catalog'!$J:$J,0))=0,"",INDEX('Ingredient Catalog'!$E:$E,MATCH(61,'Ingredient Catalog'!$J:$J,0))),"")
B79: =IFERROR(INDEX('Ingredient Catalog'!$A:$A,MATCH(62,'Ingredient Catalog'!$J:$J,0)),"") | C79: =IFERROR(IF(INDEX('Ingredient Catalog'!$H:$H,MATCH(62,'Ingredient Catalog'!$J:$J,0))=0,"",INDEX('Ingredient Catalog'!$H:$H,MATCH(62,'Ingredient Catalog'!$J:$J,0))),"") | D79: =IFERROR(INDEX('Ingredient Catalog'!$C:$C,MATCH(62,'Ingredient Catalog'!$J:$J,0)),"") | E79: =IFERROR(INDEX('Ingredient Catalog'!$B:$B,MATCH(62,'Ingredient Catalog'!$J:$J,0)),"") | F79: =IFERROR(IF(INDEX('Ingredient Catalog'!$D:$D,MATCH(62,'Ingredient Catalog'!$J:$J,0))="Yes","Check pantry",""),"") | G79: =IFERROR(IF(INDEX('Ingredient Catalog'!$E:$E,MATCH(62,'Ingredient Catalog'!$J:$J,0))=0,"",INDEX('Ingredient Catalog'!$E:$E,MATCH(62,'Ingredient Catalog'!$J:$J,0))),"")
B80: =IFERROR(INDEX('Ingredient Catalog'!$A:$A,MATCH(63,'Ingredient Catalog'!$J:$J,0)),"") | C80: =IFERROR(IF(INDEX('Ingredient Catalog'!$H:$H,MATCH(63,'Ingredient Catalog'!$J:$J,0))=0,"",INDEX('Ingredient Catalog'!$H:$H,MATCH(63,'Ingredient Catalog'!$J:$J,0))),"") | D80: =IFERROR(INDEX('Ingredient Catalog'!$C:$C,MATCH(63,'Ingredient Catalog'!$J:$J,0)),"") | E80: =IFERROR(INDEX('Ingredient Catalog'!$B:$B,MATCH(63,'Ingredient Catalog'!$J:$J,0)),"") | F80: =IFERROR(IF(INDEX('Ingredient Catalog'!$D:$D,MATCH(63,'Ingredient Catalog'!$J:$J,0))="Yes","Check pantry",""),"") | G80: =IFERROR(IF(INDEX('Ingredient Catalog'!$E:$E,MATCH(63,'Ingredient Catalog'!$J:$J,0))=0,"",INDEX('Ingredient Catalog'!$E:$E,MATCH(63,'Ingredient Catalog'!$J:$J,0))),"")
B81: =IFERROR(INDEX('Ingredient Catalog'!$A:$A,MATCH(64,'Ingredient Catalog'!$J:$J,0)),"") | C81: =IFERROR(IF(INDEX('Ingredient Catalog'!$H:$H,MATCH(64,'Ingredient Catalog'!$J:$J,0))=0,"",INDEX('Ingredient Catalog'!$H:$H,MATCH(64,'Ingredient Catalog'!$J:$J,0))),"") | D81: =IFERROR(INDEX('Ingredient Catalog'!$C:$C,MATCH(64,'Ingredient Catalog'!$J:$J,0)),"") | E81: =IFERROR(INDEX('Ingredient Catalog'!$B:$B,MATCH(64,'Ingredient Catalog'!$J:$J,0)),"") | F81: =IFERROR(IF(INDEX('Ingredient Catalog'!$D:$D,MATCH(64,'Ingredient Catalog'!$J:$J,0))="Yes","Check pantry",""),"") | G81: =IFERROR(IF(INDEX('Ingredient Catalog'!$E:$E,MATCH(64,'Ingredient Catalog'!$J:$J,0))=0,"",INDEX('Ingredient Catalog'!$E:$E,MATCH(64,'Ingredient Catalog'!$J:$J,0))),"")
B82: =IFERROR(INDEX('Ingredient Catalog'!$A:$A,MATCH(65,'Ingredient Catalog'!$J:$J,0)),"") | C82: =IFERROR(IF(INDEX('Ingredient Catalog'!$H:$H,MATCH(65,'Ingredient Catalog'!$J:$J,0))=0,"",INDEX('Ingredient Catalog'!$H:$H,MATCH(65,'Ingredient Catalog'!$J:$J,0))),"") | D82: =IFERROR(INDEX('Ingredient Catalog'!$C:$C,MATCH(65,'Ingredient Catalog'!$J:$J,0)),"") | E82: =IFERROR(INDEX('Ingredient Catalog'!$B:$B,MATCH(65,'Ingredient Catalog'!$J:$J,0)),"") | F82: =IFERROR(IF(INDEX('Ingredient Catalog'!$D:$D,MATCH(65,'Ingredient Catalog'!$J:$J,0))="Yes","Check pantry",""),"") | G82: =IFERROR(IF(INDEX('Ingredient Catalog'!$E:$E,MATCH(65,'Ingredient Catalog'!$J:$J,0))=0,"",INDEX('Ingredient Catalog'!$E:$E,MATCH(65,'Ingredient Catalog'!$J:$J,0))),"")
B83: =IFERROR(INDEX('Ingredient Catalog'!$A:$A,MATCH(66,'Ingredient Catalog'!$J:$J,0)),"") | C83: =IFERROR(IF(INDEX('Ingredient Catalog'!$H:$H,MATCH(66,'Ingredient Catalog'!$J:$J,0))=0,"",INDEX('Ingredient Catalog'!$H:$H,MATCH(66,'Ingredient Catalog'!$J:$J,0))),"") | D83: =IFERROR(INDEX('Ingredient Catalog'!$C:$C,MATCH(66,'Ingredient Catalog'!$J:$J,0)),"") | E83: =IFERROR(INDEX('Ingredient Catalog'!$B:$B,MATCH(66,'Ingredient Catalog'!$J:$J,0)),"") | F83: =IFERROR(IF(INDEX('Ingredient Catalog'!$D:$D,MATCH(66,'Ingredient Catalog'!$J:$J,0))="Yes","Check pantry",""),"") | G83: =IFERROR(IF(INDEX('Ingredient Catalog'!$E:$E,MATCH(66,'Ingredient Catalog'!$J:$J,0))=0,"",INDEX('Ingredient Catalog'!$E:$E,MATCH(66,'Ingredient Catalog'!$J:$J,0))),"")
B84: =IFERROR(INDEX('Ingredient Catalog'!$A:$A,MATCH(67,'Ingredient Catalog'!$J:$J,0)),"") | C84: =IFERROR(IF(INDEX('Ingredient Catalog'!$H:$H,MATCH(67,'Ingredient Catalog'!$J:$J,0))=0,"",INDEX('Ingredient Catalog'!$H:$H,MATCH(67,'Ingredient Catalog'!$J:$J,0))),"") | D84: =IFERROR(INDEX('Ingredient Catalog'!$C:$C,MATCH(67,'Ingredient Catalog'!$J:$J,0)),"") | E84: =IFERROR(INDEX('Ingredient Catalog'!$B:$B,MATCH(67,'Ingredient Catalog'!$J:$J,0)),"") | F84: =IFERROR(IF(INDEX('Ingredient Catalog'!$D:$D,MATCH(67,'Ingredient Catalog'!$J:$J,0))="Yes","Check pantry",""),"") | G84: =IFERROR(IF(INDEX('Ingredient Catalog'!$E:$E,MATCH(67,'Ingredient Catalog'!$J:$J,0))=0,"",INDEX('Ingredient Catalog'!$E:$E,MATCH(67,'Ingredient Catalog'!$J:$J,0))),"")
B85: =IFERROR(INDEX('Ingredient Catalog'!$A:$A,MATCH(68,'Ingredient Catalog'!$J:$J,0)),"") | C85: =IFERROR(IF(INDEX('Ingredient Catalog'!$H:$H,MATCH(68,'Ingredient Catalog'!$J:$J,0))=0,"",INDEX('Ingredient Catalog'!$H:$H,MATCH(68,'Ingredient Catalog'!$J:$J,0))),"") | D85: =IFERROR(INDEX('Ingredient Catalog'!$C:$C,MATCH(68,'Ingredient Catalog'!$J:$J,0)),"") | E85: =IFERROR(INDEX('Ingredient Catalog'!$B:$B,MATCH(68,'Ingredient Catalog'!$J:$J,0)),"") | F85: =IFERROR(IF(INDEX('Ingredient Catalog'!$D:$D,MATCH(68,'Ingredient Catalog'!$J:$J,0))="Yes","Check pantry",""),"") | G85: =IFERROR(IF(INDEX('Ingredient Catalog'!$E:$E,MATCH(68,'Ingredient Catalog'!$J:$J,0))=0,"",INDEX('Ingredient Catalog'!$E:$E,MATCH(68,'Ingredient Catalog'!$J:$J,0))),"")
B86: =IFERROR(INDEX('Ingredient Catalog'!$A:$A,MATCH(69,'Ingredient Catalog'!$J:$J,0)),"") | C86: =IFERROR(IF(INDEX('Ingredient Catalog'!$H:$H,MATCH(69,'Ingredient Catalog'!$J:$J,0))=0,"",INDEX('Ingredient Catalog'!$H:$H,MATCH(69,'Ingredient Catalog'!$J:$J,0))),"") | D86: =IFERROR(INDEX('Ingredient Catalog'!$C:$C,MATCH(69,'Ingredient Catalog'!$J:$J,0)),"") | E86: =IFERROR(INDEX('Ingredient Catalog'!$B:$B,MATCH(69,'Ingredient Catalog'!$J:$J,0)),"") | F86: =IFERROR(IF(INDEX('Ingredient Catalog'!$D:$D,MATCH(69,'Ingredient Catalog'!$J:$J,0))="Yes","Check pantry",""),"") | G86: =IFERROR(IF(INDEX('Ingredient Catalog'!$E:$E,MATCH(69,'Ingredient Catalog'!$J:$J,0))=0,"",INDEX('Ingredient Catalog'!$E:$E,MATCH(69,'Ingredient Catalog'!$J:$J,0))),"")
B87: =IFERROR(INDEX('Ingredient Catalog'!$A:$A,MATCH(70,'Ingredient Catalog'!$J:$J,0)),"") | C87: =IFERROR(IF(INDEX('Ingredient Catalog'!$H:$H,MATCH(70,'Ingredient Catalog'!$J:$J,0))=0,"",INDEX('Ingredient Catalog'!$H:$H,MATCH(70,'Ingredient Catalog'!$J:$J,0))),"") | D87: =IFERROR(INDEX('Ingredient Catalog'!$C:$C,MATCH(70,'Ingredient Catalog'!$J:$J,0)),"") | E87: =IFERROR(INDEX('Ingredient Catalog'!$B:$B,MATCH(70,'Ingredient Catalog'!$J:$J,0)),"") | F87: =IFERROR(IF(INDEX('Ingredient Catalog'!$D:$D,MATCH(70,'Ingredient Catalog'!$J:$J,0))="Yes","Check pantry",""),"") | G87: =IFERROR(IF(INDEX('Ingredient Catalog'!$E:$E,MATCH(70,'Ingredient Catalog'!$J:$J,0))=0,"",INDEX('Ingredient Catalog'!$E:$E,MATCH(70,'Ingredient Catalog'!$J:$J,0))),"")
B88: =IFERROR(INDEX('Ingredient Catalog'!$A:$A,MATCH(71,'Ingredient Catalog'!$J:$J,0)),"") | C88: =IFERROR(IF(INDEX('Ingredient Catalog'!$H:$H,MATCH(71,'Ingredient Catalog'!$J:$J,0))=0,"",INDEX('Ingredient Catalog'!$H:$H,MATCH(71,'Ingredient Catalog'!$J:$J,0))),"") | D88: =IFERROR(INDEX('Ingredient Catalog'!$C:$C,MATCH(71,'Ingredient Catalog'!$J:$J,0)),"") | E88: =IFERROR(INDEX('Ingredient Catalog'!$B:$B,MATCH(71,'Ingredient Catalog'!$J:$J,0)),"") | F88: =IFERROR(IF(INDEX('Ingredient Catalog'!$D:$D,MATCH(71,'Ingredient Catalog'!$J:$J,0))="Yes","Check pantry",""),"") | G88: =IFERROR(IF(INDEX('Ingredient Catalog'!$E:$E,MATCH(71,'Ingredient Catalog'!$J:$J,0))=0,"",INDEX('Ingredient Catalog'!$E:$E,MATCH(71,'Ingredient Catalog'!$J:$J,0))),"")
B89: =IFERROR(INDEX('Ingredient Catalog'!$A:$A,MATCH(72,'Ingredient Catalog'!$J:$J,0)),"") | C89: =IFERROR(IF(INDEX('Ingredient Catalog'!$H:$H,MATCH(72,'Ingredient Catalog'!$J:$J,0))=0,"",INDEX('Ingredient Catalog'!$H:$H,MATCH(72,'Ingredient Catalog'!$J:$J,0))),"") | D89: =IFERROR(INDEX('Ingredient Catalog'!$C:$C,MATCH(72,'Ingredient Catalog'!$J:$J,0)),"") | E89: =IFERROR(INDEX('Ingredient Catalog'!$B:$B,MATCH(72,'Ingredient Catalog'!$J:$J,0)),"") | F89: =IFERROR(IF(INDEX('Ingredient Catalog'!$D:$D,MATCH(72,'Ingredient Catalog'!$J:$J,0))="Yes","Check pantry",""),"") | G89: =IFERROR(IF(INDEX('Ingredient Catalog'!$E:$E,MATCH(72,'Ingredient Catalog'!$J:$J,0))=0,"",INDEX('Ingredient Catalog'!$E:$E,MATCH(72,'Ingredient Catalog'!$J:$J,0))),"")
B90: =IFERROR(INDEX('Ingredient Catalog'!$A:$A,MATCH(73,'Ingredient Catalog'!$J:$J,0)),"") | C90: =IFERROR(IF(INDEX('Ingredient Catalog'!$H:$H,MATCH(73,'Ingredient Catalog'!$J:$J,0))=0,"",INDEX('Ingredient Catalog'!$H:$H,MATCH(73,'Ingredient Catalog'!$J:$J,0))),"") | D90: =IFERROR(INDEX('Ingredient Catalog'!$C:$C,MATCH(73,'Ingredient Catalog'!$J:$J,0)),"") | E90: =IFERROR(INDEX('Ingredient Catalog'!$B:$B,MATCH(73,'Ingredient Catalog'!$J:$J,0)),"") | F90: =IFERROR(IF(INDEX('Ingredient Catalog'!$D:$D,MATCH(73,'Ingredient Catalog'!$J:$J,0))="Yes","Check pantry",""),"") | G90: =IFERROR(IF(INDEX('Ingredient Catalog'!$E:$E,MATCH(73,'Ingredient Catalog'!$J:$J,0))=0,"",INDEX('Ingredient Catalog'!$E:$E,MATCH(73,'Ingredient Catalog'!$J:$J,0))),"")
B91: =IFERROR(INDEX('Ingredient Catalog'!$A:$A,MATCH(74,'Ingredient Catalog'!$J:$J,0)),"") | C91: =IFERROR(IF(INDEX('Ingredient Catalog'!$H:$H,MATCH(74,'Ingredient Catalog'!$J:$J,0))=0,"",INDEX('Ingredient Catalog'!$H:$H,MATCH(74,'Ingredient Catalog'!$J:$J,0))),"") | D91: =IFERROR(INDEX('Ingredient Catalog'!$C:$C,MATCH(74,'Ingredient Catalog'!$J:$J,0)),"") | E91: =IFERROR(INDEX('Ingredient Catalog'!$B:$B,MATCH(74,'Ingredient Catalog'!$J:$J,0)),"") | F91: =IFERROR(IF(INDEX('Ingredient Catalog'!$D:$D,MATCH(74,'Ingredient Catalog'!$J:$J,0))="Yes","Check pantry",""),"") | G91: =IFERROR(IF(INDEX('Ingredient Catalog'!$E:$E,MATCH(74,'Ingredient Catalog'!$J:$J,0))=0,"",INDEX('Ingredient Catalog'!$E:$E,MATCH(74,'Ingredient Catalog'!$J:$J,0))),"")
B92: =IFERROR(INDEX('Ingredient Catalog'!$A:$A,MATCH(75,'Ingredient Catalog'!$J:$J,0)),"") | C92: =IFERROR(IF(INDEX('Ingredient Catalog'!$H:$H,MATCH(75,'Ingredient Catalog'!$J:$J,0))=0,"",INDEX('Ingredient Catalog'!$H:$H,MATCH(75,'Ingredient Catalog'!$J:$J,0))),"") | D92: =IFERROR(INDEX('Ingredient Catalog'!$C:$C,MATCH(75,'Ingredient Catalog'!$J:$J,0)),"") | E92: =IFERROR(INDEX('Ingredient Catalog'!$B:$B,MATCH(75,'Ingredient Catalog'!$J:$J,0)),"") | F92: =IFERROR(IF(INDEX('Ingredient Catalog'!$D:$D,MATCH(75,'Ingredient Catalog'!$J:$J,0))="Yes","Check pantry",""),"") | G92: =IFERROR(IF(INDEX('Ingredient Catalog'!$E:$E,MATCH(75,'Ingredient Catalog'!$J:$J,0))=0,"",INDEX('Ingredient Catalog'!$E:$E,MATCH(75,'Ingredient Catalog'!$J:$J,0))),"")
B93: =IFERROR(INDEX('Ingredient Catalog'!$A:$A,MATCH(76,'Ingredient Catalog'!$J:$J,0)),"") | C93: =IFERROR(IF(INDEX('Ingredient Catalog'!$H:$H,MATCH(76,'Ingredient Catalog'!$J:$J,0))=0,"",INDEX('Ingredient Catalog'!$H:$H,MATCH(76,'Ingredient Catalog'!$J:$J,0))),"") | D93: =IFERROR(INDEX('Ingredient Catalog'!$C:$C,MATCH(76,'Ingredient Catalog'!$J:$J,0)),"") | E93: =IFERROR(INDEX('Ingredient Catalog'!$B:$B,MATCH(76,'Ingredient Catalog'!$J:$J,0)),"") | F93: =IFERROR(IF(INDEX('Ingredient Catalog'!$D:$D,MATCH(76,'Ingredient Catalog'!$J:$J,0))="Yes","Check pantry",""),"") | G93: =IFERROR(IF(INDEX('Ingredient Catalog'!$E:$E,MATCH(76,'Ingredient Catalog'!$J:$J,0))=0,"",INDEX('Ingredient Catalog'!$E:$E,MATCH(76,'Ingredient Catalog'!$J:$J,0))),"")
B94: =IFERROR(INDEX('Ingredient Catalog'!$A:$A,MATCH(77,'Ingredient Catalog'!$J:$J,0)),"") | C94: =IFERROR(IF(INDEX('Ingredient Catalog'!$H:$H,MATCH(77,'Ingredient Catalog'!$J:$J,0))=0,"",INDEX('Ingredient Catalog'!$H:$H,MATCH(77,'Ingredient Catalog'!$J:$J,0))),"") | D94: =IFERROR(INDEX('Ingredient Catalog'!$C:$C,MATCH(77,'Ingredient Catalog'!$J:$J,0)),"") | E94: =IFERROR(INDEX('Ingredient Catalog'!$B:$B,MATCH(77,'Ingredient Catalog'!$J:$J,0)),"") | F94: =IFERROR(IF(INDEX('Ingredient Catalog'!$D:$D,MATCH(77,'Ingredient Catalog'!$J:$J,0))="Yes","Check pantry",""),"") | G94: =IFERROR(IF(INDEX('Ingredient Catalog'!$E:$E,MATCH(77,'Ingredient Catalog'!$J:$J,0))=0,"",INDEX('Ingredient Catalog'!$E:$E,MATCH(77,'Ingredient Catalog'!$J:$J,0))),"")
B95: =IFERROR(INDEX('Ingredient Catalog'!$A:$A,MATCH(78,'Ingredient Catalog'!$J:$J,0)),"") | C95: =IFERROR(IF(INDEX('Ingredient Catalog'!$H:$H,MATCH(78,'Ingredient Catalog'!$J:$J,0))=0,"",INDEX('Ingredient Catalog'!$H:$H,MATCH(78,'Ingredient Catalog'!$J:$J,0))),"") | D95: =IFERROR(INDEX('Ingredient Catalog'!$C:$C,MATCH(78,'Ingredient Catalog'!$J:$J,0)),"") | E95: =IFERROR(INDEX('Ingredient Catalog'!$B:$B,MATCH(78,'Ingredient Catalog'!$J:$J,0)),"") | F95: =IFERROR(IF(INDEX('Ingredient Catalog'!$D:$D,MATCH(78,'Ingredient Catalog'!$J:$J,0))="Yes","Check pantry",""),"") | G95: =IFERROR(IF(INDEX('Ingredient Catalog'!$E:$E,MATCH(78,'Ingredient Catalog'!$J:$J,0))=0,"",INDEX('Ingredient Catalog'!$E:$E,MATCH(78,'Ingredient Catalog'!$J:$J,0))),"")
B96: =IFERROR(INDEX('Ingredient Catalog'!$A:$A,MATCH(79,'Ingredient Catalog'!$J:$J,0)),"") | C96: =IFERROR(IF(INDEX('Ingredient Catalog'!$H:$H,MATCH(79,'Ingredient Catalog'!$J:$J,0))=0,"",INDEX('Ingredient Catalog'!$H:$H,MATCH(79,'Ingredient Catalog'!$J:$J,0))),"") | D96: =IFERROR(INDEX('Ingredient Catalog'!$C:$C,MATCH(79,'Ingredient Catalog'!$J:$J,0)),"") | E96: =IFERROR(INDEX('Ingredient Catalog'!$B:$B,MATCH(79,'Ingredient Catalog'!$J:$J,0)),"") | F96: =IFERROR(IF(INDEX('Ingredient Catalog'!$D:$D,MATCH(79,'Ingredient Catalog'!$J:$J,0))="Yes","Check pantry",""),"") | G96: =IFERROR(IF(INDEX('Ingredient Catalog'!$E:$E,MATCH(79,'Ingredient Catalog'!$J:$J,0))=0,"",INDEX('Ingredient Catalog'!$E:$E,MATCH(79,'Ingredient Catalog'!$J:$J,0))),"")
B97: =IFERROR(INDEX('Ingredient Catalog'!$A:$A,MATCH(80,'Ingredient Catalog'!$J:$J,0)),"") | C97: =IFERROR(IF(INDEX('Ingredient Catalog'!$H:$H,MATCH(80,'Ingredient Catalog'!$J:$J,0))=0,"",INDEX('Ingredient Catalog'!$H:$H,MATCH(80,'Ingredient Catalog'!$J:$J,0))),"") | D97: =IFERROR(INDEX('Ingredient Catalog'!$C:$C,MATCH(80,'Ingredient Catalog'!$J:$J,0)),"") | E97: =IFERROR(INDEX('Ingredient Catalog'!$B:$B,MATCH(80,'Ingredient Catalog'!$J:$J,0)),"") | F97: =IFERROR(IF(INDEX('Ingredient Catalog'!$D:$D,MATCH(80,'Ingredient Catalog'!$J:$J,0))="Yes","Check pantry",""),"") | G97: =IFERROR(IF(INDEX('Ingredient Catalog'!$E:$E,MATCH(80,'Ingredient Catalog'!$J:$J,0))=0,"",INDEX('Ingredient Catalog'!$E:$E,MATCH(80,'Ingredient Catalog'!$J:$J,0))),"")
B98: =IFERROR(INDEX('Ingredient Catalog'!$A:$A,MATCH(81,'Ingredient Catalog'!$J:$J,0)),"") | C98: =IFERROR(IF(INDEX('Ingredient Catalog'!$H:$H,MATCH(81,'Ingredient Catalog'!$J:$J,0))=0,"",INDEX('Ingredient Catalog'!$H:$H,MATCH(81,'Ingredient Catalog'!$J:$J,0))),"") | D98: =IFERROR(INDEX('Ingredient Catalog'!$C:$C,MATCH(81,'Ingredient Catalog'!$J:$J,0)),"") | E98: =IFERROR(INDEX('Ingredient Catalog'!$B:$B,MATCH(81,'Ingredient Catalog'!$J:$J,0)),"") | F98: =IFERROR(IF(INDEX('Ingredient Catalog'!$D:$D,MATCH(81,'Ingredient Catalog'!$J:$J,0))="Yes","Check pantry",""),"") | G98: =IFERROR(IF(INDEX('Ingredient Catalog'!$E:$E,MATCH(81,'Ingredient Catalog'!$J:$J,0))=0,"",INDEX('Ingredient Catalog'!$E:$E,MATCH(81,'Ingredient Catalog'!$J:$J,0))),"")
B99: =IFERROR(INDEX('Ingredient Catalog'!$A:$A,MATCH(82,'Ingredient Catalog'!$J:$J,0)),"") | C99: =IFERROR(IF(INDEX('Ingredient Catalog'!$H:$H,MATCH(82,'Ingredient Catalog'!$J:$J,0))=0,"",INDEX('Ingredient Catalog'!$H:$H,MATCH(82,'Ingredient Catalog'!$J:$J,0))),"") | D99: =IFERROR(INDEX('Ingredient Catalog'!$C:$C,MATCH(82,'Ingredient Catalog'!$J:$J,0)),"") | E99: =IFERROR(INDEX('Ingredient Catalog'!$B:$B,MATCH(82,'Ingredient Catalog'!$J:$J,0)),"") | F99: =IFERROR(IF(INDEX('Ingredient Catalog'!$D:$D,MATCH(82,'Ingredient Catalog'!$J:$J,0))="Yes","Check pantry",""),"") | G99: =IFERROR(IF(INDEX('Ingredient Catalog'!$E:$E,MATCH(82,'Ingredient Catalog'!$J:$J,0))=0,"",INDEX('Ingredient Catalog'!$E:$E,MATCH(82,'Ingredient Catalog'!$J:$J,0))),"")
B100: =IFERROR(INDEX('Ingredient Catalog'!$A:$A,MATCH(83,'Ingredient Catalog'!$J:$J,0)),"") | C100: =IFERROR(IF(INDEX('Ingredient Catalog'!$H:$H,MATCH(83,'Ingredient Catalog'!$J:$J,0))=0,"",INDEX('Ingredient Catalog'!$H:$H,MATCH(83,'Ingredient Catalog'!$J:$J,0))),"") | D100: =IFERROR(INDEX('Ingredient Catalog'!$C:$C,MATCH(83,'Ingredient Catalog'!$J:$J,0)),"") | E100: =IFERROR(INDEX('Ingredient Catalog'!$B:$B,MATCH(83,'Ingredient Catalog'!$J:$J,0)),"") | F100: =IFERROR(IF(INDEX('Ingredient Catalog'!$D:$D,MATCH(83,'Ingredient Catalog'!$J:$J,0))="Yes","Check pantry",""),"") | G100: =IFERROR(IF(INDEX('Ingredient Catalog'!$E:$E,MATCH(83,'Ingredient Catalog'!$J:$J,0))=0,"",INDEX('Ingredient Catalog'!$E:$E,MATCH(83,'Ingredient Catalog'!$J:$J,0))),"")
B101: =IFERROR(INDEX('Ingredient Catalog'!$A:$A,MATCH(84,'Ingredient Catalog'!$J:$J,0)),"") | C101: =IFERROR(IF(INDEX('Ingredient Catalog'!$H:$H,MATCH(84,'Ingredient Catalog'!$J:$J,0))=0,"",INDEX('Ingredient Catalog'!$H:$H,MATCH(84,'Ingredient Catalog'!$J:$J,0))),"") | D101: =IFERROR(INDEX('Ingredient Catalog'!$C:$C,MATCH(84,'Ingredient Catalog'!$J:$J,0)),"") | E101: =IFERROR(INDEX('Ingredient Catalog'!$B:$B,MATCH(84,'Ingredient Catalog'!$J:$J,0)),"") | F101: =IFERROR(IF(INDEX('Ingredient Catalog'!$D:$D,MATCH(84,'Ingredient Catalog'!$J:$J,0))="Yes","Check pantry",""),"") | G101: =IFERROR(IF(INDEX('Ingredient Catalog'!$E:$E,MATCH(84,'Ingredient Catalog'!$J:$J,0))=0,"",INDEX('Ingredient Catalog'!$E:$E,MATCH(84,'Ingredient Catalog'!$J:$J,0))),"")
B102: =IFERROR(INDEX('Ingredient Catalog'!$A:$A,MATCH(85,'Ingredient Catalog'!$J:$J,0)),"") | C102: =IFERROR(IF(INDEX('Ingredient Catalog'!$H:$H,MATCH(85,'Ingredient Catalog'!$J:$J,0))=0,"",INDEX('Ingredient Catalog'!$H:$H,MATCH(85,'Ingredient Catalog'!$J:$J,0))),"") | D102: =IFERROR(INDEX('Ingredient Catalog'!$C:$C,MATCH(85,'Ingredient Catalog'!$J:$J,0)),"") | E102: =IFERROR(INDEX('Ingredient Catalog'!$B:$B,MATCH(85,'Ingredient Catalog'!$J:$J,0)),"") | F102: =IFERROR(IF(INDEX('Ingredient Catalog'!$D:$D,MATCH(85,'Ingredient Catalog'!$J:$J,0))="Yes","Check pantry",""),"") | G102: =IFERROR(IF(INDEX('Ingredient Catalog'!$E:$E,MATCH(85,'Ingredient Catalog'!$J:$J,0))=0,"",INDEX('Ingredient Catalog'!$E:$E,MATCH(85,'Ingredient Catalog'!$J:$J,0))),"")
B103: =IFERROR(INDEX('Ingredient Catalog'!$A:$A,MATCH(86,'Ingredient Catalog'!$J:$J,0)),"") | C103: =IFERROR(IF(INDEX('Ingredient Catalog'!$H:$H,MATCH(86,'Ingredient Catalog'!$J:$J,0))=0,"",INDEX('Ingredient Catalog'!$H:$H,MATCH(86,'Ingredient Catalog'!$J:$J,0))),"") | D103: =IFERROR(INDEX('Ingredient Catalog'!$C:$C,MATCH(86,'Ingredient Catalog'!$J:$J,0)),"") | E103: =IFERROR(INDEX('Ingredient Catalog'!$B:$B,MATCH(86,'Ingredient Catalog'!$J:$J,0)),"") | F103: =IFERROR(IF(INDEX('Ingredient Catalog'!$D:$D,MATCH(86,'Ingredient Catalog'!$J:$J,0))="Yes","Check pantry",""),"") | G103: =IFERROR(IF(INDEX('Ingredient Catalog'!$E:$E,MATCH(86,'Ingredient Catalog'!$J:$J,0))=0,"",INDEX('Ingredient Catalog'!$E:$E,MATCH(86,'Ingredient Catalog'!$J:$J,0))),"")
...

Sheet Ingredient Catalog
A1: Ingredient Catalog — one row per ingredient, spelled one way
A2: Every ingredient lives here once, with a single unit. The Ingredients tab picks from this list, which is what lets the grocery list add up duplicates.
A3: ingredient | B3: aisle | C3: unit | D3: pantry_staple | E3: where_to_buy / notes | F3: aisle_order | G3: uses_this_week | H3: qty_this_week | I3: sort_key | J3: list_rank
A4: Wheat noodles | B4: Grains & Noodles | C4: lb | D4: No | E4: H Mart | F4: =IF(A4="","",IFERROR(MATCH(B4,Lists!$A$2:$A$15,0),99)) -> 7 | G4: =IF(A4="","",SUMIFS(Ingredients!$G:$G,Ingredients!$C:$C,A4)) -> 1 | H4: =IF(A4="","",SUMIFS(Ingredients!$H:$H,Ingredients!$C:$C,A4)) -> 1 | I4: =IF(A4="","",IF(G4>0,IF(D4="Yes",100,0)+F4+ROW()/100000,"")) -> 7.00004 | J4: =IF(I4="","",COUNTIF($I$4:$I$503,"<"&I4)+1) -> 14
A5: Cucumber | B5: Produce | C5: each | D5: No | F5: =IF(A5="","",IFERROR(MATCH(B5,Lists!$A$2:$A$15,0),99)) -> 1 | G5: =IF(A5="","",SUMIFS(Ingredients!$G:$G,Ingredients!$C:$C,A5)) -> 1 | H5: =IF(A5="","",SUMIFS(Ingredients!$H:$H,Ingredients!$C:$C,A5)) -> 2 | I5: =IF(A5="","",IF(G5>0,IF(D5="Yes",100,0)+F5+ROW()/100000,"")) -> 1.00005 | J5: =IF(I5="","",COUNTIF($I$4:$I$503,"<"&I5)+1) -> 1
A6: Chinese sesame paste | B6: Asian Pantry | C6: tbsp | D6: Yes | E6: H Mart | F6: =IF(A6="","",IFERROR(MATCH(B6,Lists!$A$2:$A$15,0),99)) -> 9 | G6: =IF(A6="","",SUMIFS(Ingredients!$G:$G,Ingredients!$C:$C,A6)) -> 1 | H6: =IF(A6="","",SUMIFS(Ingredients!$H:$H,Ingredients!$C:$C,A6)) -> 3 | I6: =IF(A6="","",IF(G6>0,IF(D6="Yes",100,0)+F6+ROW()/100000,"")) -> 109.00006 | J6: =IF(I6="","",COUNTIF($I$4:$I$503,"<"&I6)+1) -> 19
A7: Soy sauce | B7: Asian Pantry | C7: tbsp | D7: Yes | F7: =IF(A7="","",IFERROR(MATCH(B7,Lists!$A$2:$A$15,0),99)) -> 9 | G7: =IF(A7="","",SUMIFS(Ingredients!$G:$G,Ingredients!$C:$C,A7)) -> 1 | H7: =IF(A7="","",SUMIFS(Ingredients!$H:$H,Ingredients!$C:$C,A7)) -> 3 | I7: =IF(A7="","",IF(G7>0,IF(D7="Yes",100,0)+F7+ROW()/100000,"")) -> 109.00007 | J7: =IF(I7="","",COUNTIF($I$4:$I$503,"<"&I7)+1) -> 20
A8: Chinkiang black vinegar | B8: Asian Pantry | C8: tbsp | D8: Yes | F8: =IF(A8="","",IFERROR(MATCH(B8,Lists!$A$2:$A$15,0),99)) -> 9 | G8: =IF(A8="","",SUMIFS(Ingredients!$G:$G,Ingredients!$C:$C,A8)) -> 1 | H8: =IF(A8="","",SUMIFS(Ingredients!$H:$H,Ingredients!$C:$C,A8)) -> 1 | I8: =IF(A8="","",IF(G8>0,IF(D8="Yes",100,0)+F8+ROW()/100000,"")) -> 109.00008 | J8: =IF(I8="","",COUNTIF($I$4:$I$503,"<"&I8)+1) -> 21
A9: Chili oil | B9: Asian Pantry | C9: tbsp | D9: Yes | F9: =IF(A9="","",IFERROR(MATCH(B9,Lists!$A$2:$A$15,0),99)) -> 9 | G9: =IF(A9="","",SUMIFS(Ingredients!$G:$G,Ingredients!$C:$C,A9)) -> 1 | H9: =IF(A9="","",SUMIFS(Ingredients!$H:$H,Ingredients!$C:$C,A9)) -> 1 | I9: =IF(A9="","",IF(G9>0,IF(D9="Yes",100,0)+F9+ROW()/100000,"")) -> 109.00009 | J9: =IF(I9="","",COUNTIF($I$4:$I$503,"<"&I9)+1) -> 22
A10: Garlic | B10: Produce | C10: clove | D10: No | F10: =IF(A10="","",IFERROR(MATCH(B10,Lists!$A$2:$A$15,0),99)) -> 1 | G10: =IF(A10="","",SUMIFS(Ingredients!$G:$G,Ingredients!$C:$C,A10)) -> 2 | H10: =IF(A10="","",SUMIFS(Ingredients!$H:$H,Ingredients!$C:$C,A10)) -> 7 | I10: =IF(A10="","",IF(G10>0,IF(D10="Yes",100,0)+F10+ROW()/100000,"")) -> 1.0001 | J10: =IF(I10="","",COUNTIF($I$4:$I$503,"<"&I10)+1) -> 2
A11: Scallions | B11: Produce | C11: bunch | D11: No | F11: =IF(A11="","",IFERROR(MATCH(B11,Lists!$A$2:$A$15,0),99)) -> 1 | G11: =IF(A11="","",SUMIFS(Ingredients!$G:$G,Ingredients!$C:$C,A11)) -> 1 | H11: =IF(A11="","",SUMIFS(Ingredients!$H:$H,Ingredients!$C:$C,A11)) -> 1 | I11: =IF(A11="","",IF(G11>0,IF(D11="Yes",100,0)+F11+ROW()/100000,"")) -> 1.00011 | J11: =IF(I11="","",COUNTIF($I$4:$I$503,"<"&I11)+1) -> 3
A12: Ground pork | B12: Meat & Fish | C12: lb | D12: No | F12: =IF(A12="","",IFERROR(MATCH(B12,Lists!$A$2:$A$15,0),99)) -> 2 | G12: =IF(A12="","",SUMIFS(Ingredients!$G:$G,Ingredients!$C:$C,A12)) -> 1 | H12: =IF(A12="","",SUMIFS(Ingredients!$H:$H,Ingredients!$C:$C,A12)) -> 1 | I12: =IF(A12="","",IF(G12>0,IF(D12="Yes",100,0)+F12+ROW()/100000,"")) -> 2.00012 | J12: =IF(I12="","",COUNTIF($I$4:$I$503,"<"&I12)+1) -> 9
A13: Rice | B13: Grains & Noodles | C13: cup | D13: Yes | F13: =IF(A13="","",IFERROR(MATCH(B13,Lists!$A$2:$A$15,0),99)) -> 7 | G13: =IF(A13="","",SUMIFS(Ingredients!$G:$G,Ingredients!$C:$C,A13)) -> 1 | H13: =IF(A13="","",SUMIFS(Ingredients!$H:$H,Ingredients!$C:$C,A13)) -> 0.33 | I13: =IF(A13="","",IF(G13>0,IF(D13="Yes",100,0)+F13+ROW()/100000,"")) -> 107.00013 | J13: =IF(I13="","",COUNTIF($I$4:$I$503,"<"&I13)+1) -> 16
A14: Onion | B14: Produce | C14: each | D14: No | F14: =IF(A14="","",IFERROR(MATCH(B14,Lists!$A$2:$A$15,0),99)) -> 1 | G14: =IF(A14="","",SUMIFS(Ingredients!$G:$G,Ingredients!$C:$C,A14)) -> 3 | H14: =IF(A14="","",SUMIFS(Ingredients!$H:$H,Ingredients!$C:$C,A14)) -> 4 | I14: =IF(A14="","",IF(G14>0,IF(D14="Yes",100,0)+F14+ROW()/100000,"")) -> 1.00014 | J14: =IF(I14="","",COUNTIF($I$4:$I$503,"<"&I14)+1) -> 4
A15: Carrot | B15: Produce | C15: each | D15: No | F15: =IF(A15="","",IFERROR(MATCH(B15,Lists!$A$2:$A$15,0),99)) -> 1 | G15: =IF(A15="","",SUMIFS(Ingredients!$G:$G,Ingredients!$C:$C,A15)) -> 1 | H15: =IF(A15="","",SUMIFS(Ingredients!$H:$H,Ingredients!$C:$C,A15)) -> 2 | I15: =IF(A15="","",IF(G15>0,IF(D15="Yes",100,0)+F15+ROW()/100000,"")) -> 1.00015 | J15: =IF(I15="","",COUNTIF($I$4:$I$503,"<"&I15)+1) -> 5
A16: Lovage (leuștean) | B16: Produce | C16: bunch | D16: No | E16: Romanian/Polish deli | F16: =IF(A16="","",IFERROR(MATCH(B16,Lists!$A$2:$A$15,0),99)) -> 1 | G16: =IF(A16="","",SUMIFS(Ingredients!$G:$G,Ingredients!$C:$C,A16)) -> 1 | H16: =IF(A16="","",SUMIFS(Ingredients!$H:$H,Ingredients!$C:$C,A16)) -> 1 | I16: =IF(A16="","",IF(G16>0,IF(D16="Yes",100,0)+F16+ROW()/100000,"")) -> 1.00016 | J16: =IF(I16="","",COUNTIF($I$4:$I$503,"<"&I16)+1) -> 6
A17: Borș | B17: Eastern European | C17: cup | D17: No | E17: Romanian/Polish deli | F17: =IF(A17="","",IFERROR(MATCH(B17,Lists!$A$2:$A$15,0),99)) -> 10 | G17: =IF(A17="","",SUMIFS(Ingredients!$G:$G,Ingredients!$C:$C,A17)) -> 1 | H17: =IF(A17="","",SUMIFS(Ingredients!$H:$H,Ingredients!$C:$C,A17)) -> 2 | I17: =IF(A17="","",IF(G17>0,IF(D17="Yes",100,0)+F17+ROW()/100000,"")) -> 10.00017 | J17: =IF(I17="","",COUNTIF($I$4:$I$503,"<"&I17)+1) -> 15
A18: Egg | B18: Dairy & Eggs | C18: each | D18: No | F18: =IF(A18="","",IFERROR(MATCH(B18,Lists!$A$2:$A$15,0),99)) -> 3 | G18: =IF(A18="","",SUMIFS(Ingredients!$G:$G,Ingredients!$C:$C,A18)) -> 1 | H18: =IF(A18="","",SUMIFS(Ingredients!$H:$H,Ingredients!$C:$C,A18)) -> 1 | I18: =IF(A18="","",IF(G18>0,IF(D18="Yes",100,0)+F18+ROW()/100000,"")) -> 3.00018 | J18: =IF(I18="","",COUNTIF($I$4:$I$503,"<"&I18)+1) -> 12
A19: Sour cream | B19: Dairy & Eggs | C19: cup | D19: No | F19: =IF(A19="","",IFERROR(MATCH(B19,Lists!$A$2:$A$15,0),99)) -> 3 | G19: =IF(A19="","",SUMIFS(Ingredients!$G:$G,Ingredients!$C:$C,A19)) -> 2 | H19: =IF(A19="","",SUMIFS(Ingredients!$H:$H,Ingredients!$C:$C,A19)) -> 2 | I19: =IF(A19="","",IF(G19>0,IF(D19="Yes",100,0)+F19+ROW()/100000,"")) -> 3.00019 | J19: =IF(I19="","",COUNTIF($I$4:$I$503,"<"&I19)+1) -> 13
A20: Tomato paste | B20: Canned & Jarred | C20: tbsp | D20: Yes | F20: =IF(A20="","",IFERROR(MATCH(B20,Lists!$A$2:$A$15,0),99)) -> 8 | G20: =IF(A20="","",SUMIFS(Ingredients!$G:$G,Ingredients!$C:$C,A20)) -> 1 | H20: =IF(A20="","",SUMIFS(Ingredients!$H:$H,Ingredients!$C:$C,A20)) -> 2 | I20: =IF(A20="","",IF(G20>0,IF(D20="Yes",100,0)+F20+ROW()/100000,"")) -> 108.0002 | J20: =IF(I20="","",COUNTIF($I$4:$I$503,"<"&I20)+1) -> 18
A21: Italian sausage | B21: Meat & Fish | C21: lb | D21: No | F21: =IF(A21="","",IFERROR(MATCH(B21,Lists!$A$2:$A$15,0),99)) -> 2 | G21: =IF(A21="","",SUMIFS(Ingredients!$G:$G,Ingredients!$C:$C,A21)) -> 1 | H21: =IF(A21="","",SUMIFS(Ingredients!$H:$H,Ingredients!$C:$C,A21)) -> 1.5 | I21: =IF(A21="","",IF(G21>0,IF(D21="Yes",100,0)+F21+ROW()/100000,"")) -> 2.00021 | J21: =IF(I21="","",COUNTIF($I$4:$I$503,"<"&I21)+1) -> 10
A22: Bell pepper | B22: Produce | C22: each | D22: No | F22: =IF(A22="","",IFERROR(MATCH(B22,Lists!$A$2:$A$15,0),99)) -> 1 | G22: =IF(A22="","",SUMIFS(Ingredients!$G:$G,Ingredients!$C:$C,A22)) -> 2 | H22: =IF(A22="","",SUMIFS(Ingredients!$H:$H,Ingredients!$C:$C,A22)) -> 4 | I22: =IF(A22="","",IF(G22>0,IF(D22="Yes",100,0)+F22+ROW()/100000,"")) -> 1.00022 | J22: =IF(I22="","",COUNTIF($I$4:$I$503,"<"&I22)+1) -> 7
A23: Baby potatoes | B23: Produce | C23: lb | D23: No | F23: =IF(A23="","",IFERROR(MATCH(B23,Lists!$A$2:$A$15,0),99)) -> 1 | G23: =IF(A23="","",SUMIFS(Ingredients!$G:$G,Ingredients!$C:$C,A23)) -> 1 | H23: =IF(A23="","",SUMIFS(Ingredients!$H:$H,Ingredients!$C:$C,A23)) -> 1.5 | I23: =IF(A23="","",IF(G23>0,IF(D23="Yes",100,0)+F23+ROW()/100000,"")) -> 1.00023 | J23: =IF(I23="","",COUNTIF($I$4:$I$503,"<"&I23)+1) -> 8
A24: Olive oil | B24: Oils & Vinegars | C24: tbsp | D24: Yes | F24: =IF(A24="","",IFERROR(MATCH(B24,Lists!$A$2:$A$15,0),99)) -> 12 | G24: =IF(A24="","",SUMIFS(Ingredients!$G:$G,Ingredients!$C:$C,A24)) -> 1 | H24: =IF(A24="","",SUMIFS(Ingredients!$H:$H,Ingredients!$C:$C,A24)) -> 3 | I24: =IF(A24="","",IF(G24>0,IF(D24="Yes",100,0)+F24+ROW()/100000,"")) -> 112.00024 | J24: =IF(I24="","",COUNTIF($I$4:$I$503,"<"&I24)+1) -> 25
A25: Chicken thighs | B25: Meat & Fish | C25: lb | D25: No | F25: =IF(A25="","",IFERROR(MATCH(B25,Lists!$A$2:$A$15,0),99)) -> 2 | G25: =IF(A25="","",SUMIFS(Ingredients!$G:$G,Ingredients!$C:$C,A25)) -> 1 | H25: =IF(A25="","",SUMIFS(Ingredients!$H:$H,Ingredients!$C:$C,A25)) -> 2 | I25: =IF(A25="","",IF(G25>0,IF(D25="Yes",100,0)+F25+ROW()/100000,"")) -> 2.00025 | J25: =IF(I25="","",COUNTIF($I$4:$I$503,"<"&I25)+1) -> 11
A26: Sweet paprika | B26: Spices | C26: tbsp | D26: Yes | F26: =IF(A26="","",IFERROR(MATCH(B26,Lists!$A$2:$A$15,0),99)) -> 11 | G26: =IF(A26="","",SUMIFS(Ingredients!$G:$G,Ingredients!$C:$C,A26)) -> 1 | H26: =IF(A26="","",SUMIFS(Ingredients!$H:$H,Ingredients!$C:$C,A26)) -> 2 | I26: =IF(A26="","",IF(G26>0,IF(D26="Yes",100,0)+F26+ROW()/100000,"")) -> 111.00026 | J26: =IF(I26="","",COUNTIF($I$4:$I$503,"<"&I26)+1) -> 23
A27: Flour | B27: Baking | C27: tbsp | D27: Yes | F27: =IF(A27="","",IFERROR(MATCH(B27,Lists!$A$2:$A$15,0),99)) -> 13 | G27: =IF(A27="","",SUMIFS(Ingredients!$G:$G,Ingredients!$C:$C,A27)) -> 1 | H27: =IF(A27="","",SUMIFS(Ingredients!$H:$H,Ingredients!$C:$C,A27)) -> 2 | I27: =IF(A27="","",IF(G27>0,IF(D27="Yes",100,0)+F27+ROW()/100000,"")) -> 113.00027 | J27: =IF(I27="","",COUNTIF($I$4:$I$503,"<"&I27)+1) -> 26
A28: Cornmeal (mălai) | B28: Grains & Noodles | C28: cup | D28: Yes | F28: =IF(A28="","",IFERROR(MATCH(B28,Lists!$A$2:$A$15,0),99)) -> 7 | G28: =IF(A28="","",SUMIFS(Ingredients!$G:$G,Ingredients!$C:$C,A28)) -> 1 | H28: =IF(A28="","",SUMIFS(Ingredients!$H:$H,Ingredients!$C:$C,A28)) -> 1.5 | I28: =IF(A28="","",IF(G28>0,IF(D28="Yes",100,0)+F28+ROW()/100000,"")) -> 107.00028 | J28: =IF(I28="","",COUNTIF($I$4:$I$503,"<"&I28)+1) -> 17
A29: Salt | B29: Spices | C29: to taste | D29: Yes | F29: =IF(A29="","",IFERROR(MATCH(B29,Lists!$A$2:$A$15,0),99)) -> 11 | G29: =IF(A29="","",SUMIFS(Ingredients!$G:$G,Ingredients!$C:$C,A29)) -> 1 | H29: =IF(A29="","",SUMIFS(Ingredients!$H:$H,Ingredients!$C:$C,A29)) -> 0 | I29: =IF(A29="","",IF(G29>0,IF(D29="Yes",100,0)+F29+ROW()/100000,"")) -> 111.00029 | J29: =IF(I29="","",COUNTIF($I$4:$I$503,"<"&I29)+1) -> 24
F30: =IF(A30="","",IFERROR(MATCH(B30,Lists!$A$2:$A$15,0),99)) | G30: =IF(A30="","",SUMIFS(Ingredients!$G:$G,Ingredients!$C:$C,A30)) | H30: =IF(A30="","",SUMIFS(Ingredients!$H:$H,Ingredients!$C:$C,A30)) | I30: =IF(A30="","",IF(G30>0,IF(D30="Yes",100,0)+F30+ROW()/100000,"")) | J30: =IF(I30="","",COUNTIF($I$4:$I$503,"<"&I30)+1)
F31: =IF(A31="","",IFERROR(MATCH(B31,Lists!$A$2:$A$15,0),99)) | G31: =IF(A31="","",SUMIFS(Ingredients!$G:$G,Ingredients!$C:$C,A31)) | H31: =IF(A31="","",SUMIFS(Ingredients!$H:$H,Ingredients!$C:$C,A31)) | I31: =IF(A31="","",IF(G31>0,IF(D31="Yes",100,0)+F31+ROW()/100000,"")) | J31: =IF(I31="","",COUNTIF($I$4:$I$503,"<"&I31)+1)
F32: =IF(A32="","",IFERROR(MATCH(B32,Lists!$A$2:$A$15,0),99)) | G32: =IF(A32="","",SUMIFS(Ingredients!$G:$G,Ingredients!$C:$C,A32)) | H32: =IF(A32="","",SUMIFS(Ingredients!$H:$H,Ingredients!$C:$C,A32)) | I32: =IF(A32="","",IF(G32>0,IF(D32="Yes",100,0)+F32+ROW()/100000,"")) | J32: =IF(I32="","",COUNTIF($I$4:$I$503,"<"&I32)+1)
F33: =IF(A33="","",IFERROR(MATCH(B33,Lists!$A$2:$A$15,0),99)) | G33: =IF(A33="","",SUMIFS(Ingredients!$G:$G,Ingredients!$C:$C,A33)) | H33: =IF(A33="","",SUMIFS(Ingredients!$H:$H,Ingredients!$C:$C,A33)) | I33: =IF(A33="","",IF(G33>0,IF(D33="Yes",100,0)+F33+ROW()/100000,"")) | J33: =IF(I33="","",COUNTIF($I$4:$I$503,"<"&I33)+1)
F34: =IF(A34="","",IFERROR(MATCH(B34,Lists!$A$2:$A$15,0),99)) | G34: =IF(A34="","",SUMIFS(Ingredients!$G:$G,Ingredients!$C:$C,A34)) | H34: =IF(A34="","",SUMIFS(Ingredients!$H:$H,Ingredients!$C:$C,A34)) | I34: =IF(A34="","",IF(G34>0,IF(D34="Yes",100,0)+F34+ROW()/100000,"")) | J34: =IF(I34="","",COUNTIF($I$4:$I$503,"<"&I34)+1)
F35: =IF(A35="","",IFERROR(MATCH(B35,Lists!$A$2:$A$15,0),99)) | G35: =IF(A35="","",SUMIFS(Ingredients!$G:$G,Ingredients!$C:$C,A35)) | H35: =IF(A35="","",SUMIFS(Ingredients!$H:$H,Ingredients!$C:$C,A35)) | I35: =IF(A35="","",IF(G35>0,IF(D35="Yes",100,0)+F35+ROW()/100000,"")) | J35: =IF(I35="","",COUNTIF($I$4:$I$503,"<"&I35)+1)
F36: =IF(A36="","",IFERROR(MATCH(B36,Lists!$A$2:$A$15,0),99)) | G36: =IF(A36="","",SUMIFS(Ingredients!$G:$G,Ingredients!$C:$C,A36)) | H36: =IF(A36="","",SUMIFS(Ingredients!$H:$H,Ingredients!$C:$C,A36)) | I36: =IF(A36="","",IF(G36>0,IF(D36="Yes",100,0)+F36+ROW()/100000,"")) | J36: =IF(I36="","",COUNTIF($I$4:$I$503,"<"&I36)+1)
F37: =IF(A37="","",IFERROR(MATCH(B37,Lists!$A$2:$A$15,0),99)) | G37: =IF(A37="","",SUMIFS(Ingredients!$G:$G,Ingredients!$C:$C,A37)) | H37: =IF(A37="","",SUMIFS(Ingredients!$H:$H,Ingredients!$C:$C,A37)) | I37: =IF(A37="","",IF(G37>0,IF(D37="Yes",100,0)+F37+ROW()/100000,"")) | J37: =IF(I37="","",COUNTIF($I$4:$I$503,"<"&I37)+1)
F38: =IF(A38="","",IFERROR(MATCH(B38,Lists!$A$2:$A$15,0),99)) | G38: =IF(A38="","",SUMIFS(Ingredients!$G:$G,Ingredients!$C:$C,A38)) | H38: =IF(A38="","",SUMIFS(Ingredients!$H:$H,Ingredients!$C:$C,A38)) | I38: =IF(A38="","",IF(G38>0,IF(D38="Yes",100,0)+F38+ROW()/100000,"")) | J38: =IF(I38="","",COUNTIF($I$4:$I$503,"<"&I38)+1)
F39: =IF(A39="","",IFERROR(MATCH(B39,Lists!$A$2:$A$15,0),99)) | G39: =IF(A39="","",SUMIFS(Ingredients!$G:$G,Ingredients!$C:$C,A39)) | H39: =IF(A39="","",SUMIFS(Ingredients!$H:$H,Ingredients!$C:$C,A39)) | I39: =IF(A39="","",IF(G39>0,IF(D39="Yes",100,0)+F39+ROW()/100000,"")) | J39: =IF(I39="","",COUNTIF($I$4:$I$503,"<"&I39)+1)
F40: =IF(A40="","",IFERROR(MATCH(B40,Lists!$A$2:$A$15,0),99)) | G40: =IF(A40="","",SUMIFS(Ingredients!$G:$G,Ingredients!$C:$C,A40)) | H40: =IF(A40="","",SUMIFS(Ingredients!$H:$H,Ingredients!$C:$C,A40)) | I40: =IF(A40="","",IF(G40>0,IF(D40="Yes",100,0)+F40+ROW()/100000,"")) | J40: =IF(I40="","",COUNTIF($I$4:$I$503,"<"&I40)+1)
F41: =IF(A41="","",IFERROR(MATCH(B41,Lists!$A$2:$A$15,0),99)) | G41: =IF(A41="","",SUMIFS(Ingredients!$G:$G,Ingredients!$C:$C,A41)) | H41: =IF(A41="","",SUMIFS(Ingredients!$H:$H,Ingredients!$C:$C,A41)) | I41: =IF(A41="","",IF(G41>0,IF(D41="Yes",100,0)+F41+ROW()/100000,"")) | J41: =IF(I41="","",COUNTIF($I$4:$I$503,"<"&I41)+1)
... F503: =IF(A503="","",IFERROR(MATCH(B503,Lists!$A$2:$A$15,0),99)) | G503: =IF(A503="","",SUMIFS(Ingredients!$G:$G,Ingredients!$C:$C,A503)) | H503: =IF(A503="","",SUMIFS(Ingredients!$H:$H,Ingredients!$C:$C,A503)) | I503: =IF(A503="","",IF(G503>0,IF(D503="Yes",100,0)+F503+ROW()/100000,"")) | J503: =IF(I503="","",COUNTIF($I$4:$I$503,"<"&I503)+1)

Sheet Lists
A1: Aisle (in shopping order) | B1: Slot | C1: Source | D1: Meal type | E1: Cuisine | F1: Yes/No | G1: Verdict | H1: Status
A2: Produce | B2: Lunch 1 | C2: AI | D2: Lunch | E2: Chinese | F2: Yes | G2: Again | H2: Active
A3: Meat & Fish | B3: Lunch 2 | C3: Own | D3: Dinner | E3: Romanian | F3: No | G3: Tweak | H3: Retired
A4: Dairy & Eggs | B4: Dinner 1 | D4: Either | E4: American | G4: Never
A5: Tofu & Refrigerated | B5: Dinner 2 | E5: Italian
A6: Bakery | E6: Mexican
A7: Frozen | E7: Korean
A8: Grains & Noodles | E8: Japanese
A9: Canned & Jarred | E9: Mediterranean
A10: Asian Pantry | E10: Other
A11: Eastern European
A12: Spices
A13: Oils & Vinegars
A14: Baking
A15: Other
